"Tên","Mã","Điểm đầu vào","Môn thi","Học phí","Ghi chú",
"Ngành An toàn thông tin (Phía Nam - Nam)","7480202|22A00","17.61","[{'raw': 'Toán, Vật lí, Hóa Học', 'code': 'A00'}]","","",
"Ngành An toàn thông tin (Phía Nam - Nữ)","7480202|12A00","21.08","[{'raw': 'Toán, Vật lí, Hóa Học', 'code': 'A00'}]","","",
"Ngành An toàn thông tin (Phía Bắc - Nữ)","7480202|11A00","21.93","[{'raw': 'Toán, Vật lí, Hóa Học', 'code': 'A00'}]","","",
"Ngành An toàn thông tin (Phía Nam - Nam)","7480202|22A01","17.61","[{'raw': 'Toán, Vật lí, Tiếng Anh', 'code': 'A01'}]","","",
"Ngành An toàn thông tin (Phía Nam - Nữ)","7480202|12A01","21.08","[{'raw': 'Toán, Vật lí, Tiếng Anh', 'code': 'A01'}]","","",
"Ngành An toàn thông tin (Phía Bắc - Nam)","7480202|21A01","19.95","[{'raw': 'Toán, Vật lí, Tiếng Anh', 'code': 'A01'}]","","",
"Ngành An toàn thông tin (Phía Bắc - Nữ)","7480202|11A01","21.93","[{'raw': 'Toán, Vật lí, Tiếng Anh', 'code': 'A01'}]","","",
"Ngành An toàn thông tin (Phía Bắc - Nam)","7480202|21A00","19.95","[{'raw': 'Toán, Vật lí, Hóa Học', 'code': 'A00'}]","","",
"Nghiệp vụ An ninh &lpar;Địa bàn 8 - Nữ&rpar;","7860100|13A01|8","19.37","[{'raw': 'Toán, Vật lí, Tiếng Anh', 'code': 'A01'}]","","",
"Nghiệp vụ An ninh (Địa bàn 1 - Nữ)","7860100|13D01|1","24.14","[{'raw': 'Ngữ Văn, Toán, Tiếng Anh', 'code': 'D01'}]","","",
"Nghiệp vụ An ninh (Địa bàn 1 - Nữ)","7860100|13A01|1","24.14","[{'raw': 'Toán, Vật lí, Tiếng Anh', 'code': 'A01'}]","","",
"Nghiệp vụ An ninh (Địa bàn 8 - Nam)","7860100|23D01|8","19.98","[{'raw': 'Ngữ Văn, Toán, Tiếng Anh', 'code': 'D01'}]","","",
"Nghiệp vụ An ninh (Địa bàn 1 - Nam)","7860100|23C03|1","21","[{'raw': 'Ngữ văn, Toán, Lịch sử', 'code': 'C03'}]","","",
"Nghiệp vụ An ninh (Địa bàn 2 - Nam)","7860100|23D01|2","21.58","[{'raw': 'Ngữ Văn, Toán, Tiếng Anh', 'code': 'D01'}]","","",
"Nghiệp vụ An ninh (Địa bàn 2 - Nam)","7860100|23A00|2","21.58","[{'raw': 'Toán, Vật lí, Hóa Học', 'code': 'A00'}]","","",
"Nghiệp vụ An ninh (Địa bàn 3 - Nữ)","7860100|13A01|3","24.19","[{'raw': 'Toán, Vật lí, Tiếng Anh', 'code': 'A01'}]","","",
"Nghiệp vụ An ninh (Địa bàn 2 - Nữ)","7860100|13A00|2","23.67","[{'raw': 'Toán, Vật lí, Hóa Học', 'code': 'A00'}]","","",
"Nghiệp vụ An ninh (Địa bàn 3 - Nam)","7860100|23C03|3","20.66","[{'raw': 'Ngữ văn, Toán, Lịch sử', 'code': 'C03'}]","","",
"Nghiệp vụ An ninh (Địa bàn 8 - Nam)","7860100|23A00|8","19.98","[{'raw': 'Toán, Vật lí, Hóa Học', 'code': 'A00'}]","","",
"Nghiệp vụ An ninh (Địa bàn 2 - Nam)","7860100|23A01|2","21.58","[{'raw': 'Toán, Vật lí, Tiếng Anh', 'code': 'A01'}]","","",
"Nghiệp vụ An ninh (Địa bàn 3 - Nữ)","7860100|13D01|3","24.19","[{'raw': 'Ngữ Văn, Toán, Tiếng Anh', 'code': 'D01'}]","","",
"Nghiệp vụ An ninh &lpar;Địa bàn 8 - Nữ&rpar;","7860100|13D01|8","19.37","[{'raw': 'Ngữ Văn, Toán, Tiếng Anh', 'code': 'D01'}]","","",
"Nghiệp vụ An ninh (Địa bàn 2 - Nữ)","7860100|13D01|2","23.67","[{'raw': 'Ngữ Văn, Toán, Tiếng Anh', 'code': 'D01'}]","","",
"Nghiệp vụ An ninh (Địa bàn 3 - Nam)","7860100|23D01|3","20.66","[{'raw': 'Ngữ Văn, Toán, Tiếng Anh', 'code': 'D01'}]","","",
"Nghiệp vụ An ninh (Địa bàn 1 - Nữ)","7860100|13A00|1","24.14","[{'raw': 'Toán, Vật lí, Hóa Học', 'code': 'A00'}]","","",
"Nghiệp vụ An ninh (Địa bàn 2 - Nam)","7860100|23C03|2","21.58","[{'raw': 'Ngữ văn, Toán, Lịch sử', 'code': 'C03'}]","","",
"Nghiệp vụ An ninh (Địa bàn 3 - Nam)","7860100|23A00|3","20.66","[{'raw': 'Toán, Vật lí, Hóa Học', 'code': 'A00'}]","","",
"Nghiệp vụ An ninh (Địa bàn 2 - Nữ)","7860100|13A01|2","23.67","[{'raw': 'Toán, Vật lí, Tiếng Anh', 'code': 'A01'}]","","",
"Nghiệp vụ An ninh (Địa bàn 8 - Nữ)","7860100|13C03|8","19.37","[{'raw': 'Ngữ văn, Toán, Lịch sử', 'code': 'C03'}]","","",
"Nghiệp vụ An ninh (Địa bàn 2 - Nữ)","7860100|13C03|2","23.67","[{'raw': 'Ngữ văn, Toán, Lịch sử', 'code': 'C03'}]","","",
"Nghiệp vụ An ninh (Địa bàn 8 - Nữ)","7860100|13A00|8","19.37","[{'raw': 'Toán, Vật lí, Hóa Học', 'code': 'A00'}]","","",
"Nghiệp vụ An ninh (Địa bàn 1 - Nam)","7860100|23D01|1","21","[{'raw': 'Ngữ Văn, Toán, Tiếng Anh', 'code': 'D01'}]","","",
"Nghiệp vụ An ninh (Địa bàn 8 - Nam)","7860100|23A01|8","19.98","[{'raw': 'Toán, Vật lí, Tiếng Anh', 'code': 'A01'}]","","",
"Nghiệp vụ An ninh (Địa bàn 1 - Nam)","7860100|23A00|1","21","[{'raw': 'Toán, Vật lí, Hóa Học', 'code': 'A00'}]","","",
"Nghiệp vụ An ninh (Địa bàn 1 - Nữ)","7860100|13C03|1","24.14","[{'raw': 'Ngữ văn, Toán, Lịch sử', 'code': 'C03'}]","","",
"Nghiệp vụ An ninh (Địa bàn 3 - Nữ)","7860100|13A00|3","24.19","[{'raw': 'Toán, Vật lí, Hóa Học', 'code': 'A00'}]","","",
"Nghiệp vụ An ninh (Địa bàn 8 - Nam)","7860100|23C03|8","19.98","[{'raw': 'Ngữ văn, Toán, Lịch sử', 'code': 'C03'}]","","",
"Nghiệp vụ An ninh (Địa bàn 1 - Nam)","7860100|23A01|1","21","[{'raw': 'Toán, Vật lí, Tiếng Anh', 'code': 'A01'}]","","",
"Nghiệp vụ An ninh (Địa bàn 3 - Nam)","7860100|23A01|3","20.66","[{'raw': 'Toán, Vật lí, Tiếng Anh', 'code': 'A01'}]","","",
"Nghiệp vụ An ninh (Địa bàn 3 - Nữ)","7860100|13C03|3","24.19","[{'raw': 'Ngữ văn, Toán, Lịch sử', 'code': 'C03'}]","","",
"Y khoa (Nam - Miền Nam)","7720101|22B00","14.85","[{'raw': 'Toán, Hóa Học, Sinh Học', 'code': 'B00'}]","","",
"Y khoa (Nam - Miền Bắc)","7720101|21B00","14.73","[{'raw': 'Toán, Hóa Học, Sinh Học', 'code': 'B00'}]","","",
