"Tên","Mã","Điểm đầu vào","Môn thi","Học phí","Ghi chú",
"Chỉ huy, quản lý kỹ thuật (Nam - Phía Nam)","7860220|22A00","24.42","[{'raw': 'Toán, Vật lí, Hóa Học', 'code': 'A00'}]","","",
"Chỉ huy, quản lý kỹ thuật (Nam - Phía Nam)","7860220|22A01","24.42","[{'raw': 'Toán, Vật lí, Tiếng Anh', 'code': 'A01'}]","","",
"Chỉ huy, quản lý kỹ thuật (Nữ - Phía Bắc)","7860220|11A00","26.87","[{'raw': 'Toán, Vật lí, Hóa Học', 'code': 'A00'}]","","",
"Chỉ huy, quản lý kỹ thuật (Nam - Phía Bắc)","7860220|21A00","24.91","[{'raw': 'Toán, Vật lí, Hóa Học', 'code': 'A00'}]","","",
"Chỉ huy, quản lý kỹ thuật &lpar;Nữ - Phía Nam&rpar;","7860220|12A00","26.28","[{'raw': 'Toán, Vật lí, Hóa Học', 'code': 'A00'}]","","",
"Chỉ huy, quản lý kỹ thuật (Nữ - Phía Bắc)","7860220|11A01","26.87","[{'raw': 'Toán, Vật lí, Tiếng Anh', 'code': 'A01'}]","","",
"Chỉ huy, quản lý kỹ thuật (Nữ - Phía Nam)","7860220|12A01","26.28","[{'raw': 'Toán, Vật lí, Tiếng Anh', 'code': 'A01'}]","","",
"Chỉ huy, quản lý kỹ thuật (Nam - Phía Bắc)","7860220|21A01","24.91","[{'raw': 'Toán, Vật lí, Tiếng Anh', 'code': 'A01'}]","","",
