"Tên","Mã","Điểm đầu vào","Môn thi","Học phí","Ghi chú",
"Báo truyền hình","605","37.23","[{'raw': 'Ngữ văn, Khoa học xã hội, Tiếng Anh', 'code': 'D78'}, {'raw': '', 'code': 'R26'}]","","",
"Báo phát thanh","604","35.22","[{'raw': 'Ngữ Văn, Toán, Tiếng Anh', 'code': 'D01'}, {'raw': '', 'code': 'R22'}]","","",
"Báo mạng điện tử","607","35.48","[{'raw': 'Ngữ Văn, Toán, Tiếng Anh', 'code': 'D01'}, {'raw': '', 'code': 'R22'}]","","",
"Báo phát thanh","604","36.22","[{'raw': 'Ngữ văn, Khoa học xã hội, Tiếng Anh', 'code': 'D78'}, {'raw': '', 'code': 'R26'}]","","",
"Báo mạng điện tử","607","36.98","[{'raw': 'Ngữ văn, Khoa học xã hội, Tiếng Anh', 'code': 'D78'}, {'raw': '', 'code': 'R26'}]","","",
"Báo in","602","34.97","[{'raw': 'Ngữ Văn, Toán, Tiếng Anh', 'code': 'D01'}, {'raw': 'Ngữ văn, Khoa học xã hội, Tiếng Anh', 'code': 'D78'}, {'raw': '', 'code': 'R22'}, {'raw': '', 'code': 'R26'}]","","",
"Báo phát thanh","604","34.72","[{'raw': 'Ngữ văn, Khoa học tự nhiên, Tiếng Anh', 'code': 'D72'}, {'raw': '', 'code': 'R25'}]","","",
"Báo truyền hình","605","35.23","[{'raw': 'Ngữ văn, Khoa học tự nhiên, Tiếng Anh', 'code': 'D72'}, {'raw': '', 'code': 'R25'}]","","",
"Báo truyền hình","605","35.73","[{'raw': 'Ngữ Văn, Toán, Tiếng Anh', 'code': 'D01'}, {'raw': '', 'code': 'R22'}]","","",
"Báo in","602","34.47","[{'raw': 'Ngữ văn, Khoa học tự nhiên, Tiếng Anh', 'code': 'D72'}, {'raw': '', 'code': 'R25'}]","","",
"Báo mạng điện tử","607","34.98","[{'raw': 'Ngữ văn, Khoa học tự nhiên, Tiếng Anh', 'code': 'D72'}, {'raw': '', 'code': 'R25'}]","","",
"Chủ nghĩa xã hội khoa học","7229008","23.94","[{'raw': 'Toán, Khoa học tự nhiên, Ngữ văn', 'code': 'A16'}, {'raw': 'Ngữ văn, Toán, Giáo dục công', 'code': 'C15'}, {'raw': 'Ngữ Văn, Toán, Tiếng Anh', 'code': 'D01'}, {'raw': '', 'code': 'R22'}]","","",
"Công tác xã hội","7760101","25","[{'raw': 'Ngữ Văn, Toán, Tiếng Anh', 'code': 'D01'}, {'raw': '', 'code': 'R22'}]","","",
"Công tác xã hội","7760101","24.5","[{'raw': 'Toán, Khoa học tự nhiên, Ngữ văn', 'code': 'A16'}, {'raw': 'Ngữ văn, Toán, Giáo dục công', 'code': 'C15'}]","","",
"Khoa học quản lý nhà nước","537","24.7","[{'raw': 'Toán, Khoa học tự nhiên, Ngữ văn', 'code': 'A16'}, {'raw': 'Ngữ văn, Toán, Giáo dục công', 'code': 'C15'}, {'raw': 'Ngữ Văn, Toán, Tiếng Anh', 'code': 'D01'}, {'raw': '', 'code': 'R22'}]","","",
"Kinh tế chính trị","7310102","24.6","[{'raw': 'Toán, Khoa học tự nhiên, Ngữ văn', 'code': 'A16'}]","","",
"Kinh tế chính trị","7310102","25.1","[{'raw': 'Ngữ Văn, Toán, Tiếng Anh', 'code': 'D01'}, {'raw': '', 'code': 'R22'}]","","",
"Kinh tế chính trị","7310102","25.6","[{'raw': 'Ngữ văn, Toán, Giáo dục công', 'code': 'C15'}]","","",
"Lịch sử","7229010","26.56","[{'raw': 'Ngữ văn, Toán, Lịch sử', 'code': 'C03'}, {'raw': 'Ngữ văn, Lịch sử, Tiếng Anh', 'code': 'D14'}, {'raw': '', 'code': 'R23'}]","","",
"Lịch sử","7229010","28.56","[{'raw': 'Ngữ Văn, Lịch Sử, Địa lí', 'code': 'C00'}, {'raw': 'Ngữ văn, Lịch sử, Giáo dục công dân', 'code': 'C19'}]","","",
"Ngành Xuất bản, chuyên ngành Biên tập xuất bản","801","25.03","[{'raw': 'Toán, Khoa học tự nhiên, Ngữ văn', 'code': 'A16'}]","","",
"Ngành Quan hệ quốc tế, chuyên ngành Quan hệ quốc tế và truyền thông toàn cầu (chất lượng cao)","614","36.17","[{'raw': 'Ngữ văn, Khoa học xã hội, Tiếng Anh', 'code': 'D78'}, {'raw': '', 'code': 'R26'}]","","",
"Ngành Quan hệ quốc tế, chuyên ngành Thông tin đối ngoại","610","35.1","[{'raw': 'Ngữ văn, Khoa học tự nhiên, Tiếng Anh', 'code': 'D72'}, {'raw': '', 'code': 'R25'}]","","",
"Ngành Quan hệ quốc tế, chuyên ngành Quan hệ chính trị và truyền thông quốc tế","611","35.52","[{'raw': 'Toán, Vật lí, Tiếng Anh', 'code': 'A01'}, {'raw': 'Ngữ Văn, Toán, Tiếng Anh', 'code': 'D01'}, {'raw': '', 'code': 'R22'}]","","",
"Ngành Báo chí, chuyên ngành Ảnh báo chí","603","34.5","[{'raw': 'Ngữ văn, Khoa học tự nhiên, Tiếng Anh', 'code': 'D72'}, {'raw': '', 'code': 'R25'}]","","",
"Ngành Chính trị học, chuyên ngành Quản lý hoạt động tư tưởng - văn hóa","530","24.48","[{'raw': 'Toán, Khoa học tự nhiên, Ngữ văn', 'code': 'A16'}, {'raw': 'Ngữ văn, Toán, Giáo dục công', 'code': 'C15'}, {'raw': 'Ngữ Văn, Toán, Tiếng Anh', 'code': 'D01'}, {'raw': '', 'code': 'R22'}]","","",
"Ngành Báo chí, chuyên ngành Báo truyền hình (chất lượng cao)","608","35.8","[{'raw': 'Ngữ văn, Khoa học xã hội, Tiếng Anh', 'code': 'D78'}, {'raw': '', 'code': 'R26'}]","","",
"Ngành Chính trị học, chuyên ngành Truyền thông chính sách","538","25.07","[{'raw': 'Toán, Khoa học tự nhiên, Ngữ văn', 'code': 'A16'}, {'raw': 'Ngữ Văn, Toán, Tiếng Anh', 'code': 'D01'}, {'raw': '', 'code': 'R22'}]","","",
"Ngành Kinh tế, chuyên ngành Kinh tế và Quản lý (chất lượng cao)","528","24.05","[{'raw': 'Toán, Khoa học tự nhiên, Ngữ văn', 'code': 'A16'}]","","",
"Ngành Xuất bản, chuyên ngành Xuất bản điện tử","802","25.5","[{'raw': 'Ngữ Văn, Toán, Tiếng Anh', 'code': 'D01'}, {'raw': '', 'code': 'R22'}]","","",
"Ngành Quan hệ quốc tế, chuyên ngành Quan hệ chính trị và truyền thông quốc tế","611","36.52","[{'raw': 'Ngữ văn, Khoa học xã hội, Tiếng Anh', 'code': 'D78'}, {'raw': '', 'code': 'R26'}]","","",
"Ngành Chính trị học, chuyên ngành Văn hóa phát triển","535","24.5","[{'raw': 'Toán, Khoa học tự nhiên, Ngữ văn', 'code': 'A16'}, {'raw': 'Ngữ văn, Toán, Giáo dục công', 'code': 'C15'}, {'raw': 'Ngữ Văn, Toán, Tiếng Anh', 'code': 'D01'}, {'raw': '', 'code': 'R22'}]","","",
"Ngành Chính trị học, chuyên ngành Quản lý xã hội","532","24.92","[{'raw': 'Toán, Khoa học tự nhiên, Ngữ văn', 'code': 'A16'}, {'raw': 'Ngữ văn, Toán, Giáo dục công', 'code': 'C15'}, {'raw': 'Ngữ Văn, Toán, Tiếng Anh', 'code': 'D01'}, {'raw': '', 'code': 'R22'}]","","",
"Ngành Báo chí, chuyên ngành Báo mạng điện tử (chất lượng cao)","609","33.92","[{'raw': 'Ngữ văn, Khoa học tự nhiên, Tiếng Anh', 'code': 'D72'}, {'raw': '', 'code': 'R25'}]","","",
"Ngành Kinh tế, chuyên ngành Kinh tế và Quản lý","529","25.73","[{'raw': 'Ngữ Văn, Toán, Tiếng Anh', 'code': 'D01'}, {'raw': '', 'code': 'R22'}]","","",
"Ngành Quan hệ công chúng, chuyên ngành Truyền thông marketing (chất lượng cao)","616","34.97","[{'raw': 'Ngữ văn, Khoa học tự nhiên, Tiếng Anh', 'code': 'D72'}, {'raw': '', 'code': 'R25'}]","","",
"Ngành Quan hệ công chúng, chuyên ngành Quan hệ công chúng chuyên nghiệp","615","36.02","[{'raw': 'Ngữ văn, Khoa học tự nhiên, Tiếng Anh', 'code': 'D72'}, {'raw': '', 'code': 'R25'}]","","",
"Ngành Xuất bản, chuyên ngành Biên tập xuất bản","801","26.03","[{'raw': 'Ngữ văn, Toán, Giáo dục công', 'code': 'C15'}]","","",
"Ngành Quan hệ công chúng, chuyên ngành Quan hệ công chúng chuyên nghiệp","615","36.52","[{'raw': 'Toán, Vật lí, Tiếng Anh', 'code': 'A01'}, {'raw': 'Ngữ Văn, Toán, Tiếng Anh', 'code': 'D01'}, {'raw': '', 'code': 'R22'}]","","",
"Ngành Quan hệ quốc tế, chuyên ngành Thông tin đối ngoại","610","36.6","[{'raw': 'Ngữ văn, Khoa học xã hội, Tiếng Anh', 'code': 'D78'}, {'raw': '', 'code': 'R26'}]","","",
"Ngành Quan hệ quốc tế, chuyên ngành Quan hệ chính trị và truyền thông quốc tế","611","35.02","[{'raw': 'Ngữ văn, Khoa học tự nhiên, Tiếng Anh', 'code': 'D72'}, {'raw': '', 'code': 'R25'}]","","",
"Ngành Báo chí, chuyên ngành Báo mạng điện tử (chất lượng cao)","609","34.42","[{'raw': 'Ngữ Văn, Toán, Tiếng Anh', 'code': 'D01'}, {'raw': '', 'code': 'R22'}]","","",
"Ngành Báo chí, chuyên ngành Quay phim truyền hình","606","34.49","[{'raw': 'Ngữ Văn, Toán, Tiếng Anh', 'code': 'D01'}, {'raw': 'Ngữ văn, Khoa học tự nhiên, Tiếng Anh', 'code': 'D72'}, {'raw': 'Ngữ văn, Khoa học xã hội, Tiếng Anh', 'code': 'D78'}, {'raw': '', 'code': 'R22'}, {'raw': '', 'code': 'R25'}, {'raw': '', 'code': 'R26'}]","","",
"Ngành Chính trị học, chuyên ngành Truyền thông chính sách","538","25.32","[{'raw': 'Ngữ văn, Toán, Giáo dục công', 'code': 'C15'}]","","",
"Ngành Chính trị học, chuyên ngành Tư tưởng Hồ Chí Minh","533","24.17","[{'raw': 'Toán, Khoa học tự nhiên, Ngữ văn', 'code': 'A16'}, {'raw': 'Ngữ văn, Toán, Giáo dục công', 'code': 'C15'}, {'raw': 'Ngữ Văn, Toán, Tiếng Anh', 'code': 'D01'}, {'raw': '', 'code': 'R22'}]","","",
"Ngành Chính trị học, chuyên ngành Chính trị học phát triển","531","24.45","[{'raw': 'Toán, Khoa học tự nhiên, Ngữ văn', 'code': 'A16'}, {'raw': 'Ngữ văn, Toán, Giáo dục công', 'code': 'C15'}, {'raw': 'Ngữ Văn, Toán, Tiếng Anh', 'code': 'D01'}, {'raw': '', 'code': 'R22'}]","","",
"Ngành Kinh tế, chuyên ngành Kinh tế và Quản lý (chất lượng cao)","528","25.55","[{'raw': 'Ngữ văn, Toán, Giáo dục công', 'code': 'C15'}]","","",
"Ngành Xuất bản, chuyên ngành Xuất bản điện tử","802","26","[{'raw': 'Ngữ văn, Toán, Giáo dục công', 'code': 'C15'}]","","",
"Ngành Xuất bản, chuyên ngành Biên tập xuất bản","801","25.53","[{'raw': 'Ngữ Văn, Toán, Tiếng Anh', 'code': 'D01'}, {'raw': '', 'code': 'R22'}]","","",
"Ngành Quan hệ công chúng, chuyên ngành Truyền thông marketing (chất lượng cao)","616","35.47","[{'raw': 'Toán, Vật lí, Tiếng Anh', 'code': 'A01'}, {'raw': 'Ngữ Văn, Toán, Tiếng Anh', 'code': 'D01'}, {'raw': '', 'code': 'R22'}]","","",
"Ngành Quan hệ quốc tế, chuyên ngành Quan hệ quốc tế và truyền thông toàn cầu (chất lượng cao)","614","34.67","[{'raw': 'Ngữ văn, Khoa học tự nhiên, Tiếng Anh', 'code': 'D72'}, {'raw': '', 'code': 'R25'}]","","",
"Ngành Quan hệ quốc tế, chuyên ngành Thông tin đối ngoại","610","35.6","[{'raw': 'Toán, Vật lí, Tiếng Anh', 'code': 'A01'}, {'raw': 'Ngữ Văn, Toán, Tiếng Anh', 'code': 'D01'}, {'raw': '', 'code': 'R22'}]","","",
"Ngành Báo chí, chuyên ngành Báo truyền hình (chất lượng cao)","608","34.3","[{'raw': 'Ngữ văn, Khoa học tự nhiên, Tiếng Anh', 'code': 'D72'}, {'raw': '', 'code': 'R25'}]","","",
"Ngành Báo chí, chuyên ngành Ảnh báo chí","603","35.5","[{'raw': 'Ngữ văn, Khoa học xã hội, Tiếng Anh', 'code': 'D78'}, {'raw': '', 'code': 'R26'}]","","",
"Ngành Báo chí, chuyên ngành Ảnh báo chí","603","35","[{'raw': 'Ngữ Văn, Toán, Tiếng Anh', 'code': 'D01'}, {'raw': '', 'code': 'R22'}]","","",
"Ngành Kinh tế, chuyên ngành Kinh tế và Quản lý","529","26.23","[{'raw': 'Ngữ văn, Toán, Giáo dục công', 'code': 'C15'}]","","",
"Ngành Kinh tế, chuyên ngành Kinh tế và Quản lý (chất lượng cao)","528","25.3","[{'raw': 'Ngữ Văn, Toán, Tiếng Anh', 'code': 'D01'}, {'raw': '', 'code': 'R22'}]","","",
"Ngành Kinh tế, chuyên ngành Quản lý kinh tế","527","24.55","[{'raw': 'Toán, Khoa học tự nhiên, Ngữ văn', 'code': 'A16'}]","","",
"Ngành Xuất bản, chuyên ngành Xuất bản điện tử","802","25","[{'raw': 'Toán, Khoa học tự nhiên, Ngữ văn', 'code': 'A16'}]","","",
"Ngành Quan hệ công chúng, chuyên ngành Quan hệ công chúng chuyên nghiệp","615","38.02","[{'raw': 'Ngữ văn, Khoa học xã hội, Tiếng Anh', 'code': 'D78'}, {'raw': '', 'code': 'R26'}]","","",
"Ngành Quan hệ công chúng, chuyên ngành Truyền thông marketing (chất lượng cao)","616","36.97","[{'raw': 'Ngữ văn, Khoa học xã hội, Tiếng Anh', 'code': 'D78'}, {'raw': '', 'code': 'R26'}]","","",
"Ngành Quan hệ quốc tế, chuyên ngành Quan hệ quốc tế và truyền thông toàn cầu (chất lượng cao)","614","35.17","[{'raw': 'Toán, Vật lí, Tiếng Anh', 'code': 'A01'}, {'raw': 'Ngữ Văn, Toán, Tiếng Anh', 'code': 'D01'}, {'raw': '', 'code': 'R22'}]","","",
"Ngành Báo chí, chuyên ngành Báo truyền hình (chất lượng cao)","608","34.8","[{'raw': 'Ngữ Văn, Toán, Tiếng Anh', 'code': 'D01'}, {'raw': '', 'code': 'R22'}]","","",
"Ngành Báo chí, chuyên ngành Báo mạng điện tử (chất lượng cao)","609","35.42","[{'raw': 'Ngữ văn, Khoa học xã hội, Tiếng Anh', 'code': 'D78'}, {'raw': '', 'code': 'R26'}]","","",
"Ngành Chính trị học, chuyên ngành Chính sách công","536","23.72","[{'raw': 'Toán, Khoa học tự nhiên, Ngữ văn', 'code': 'A16'}, {'raw': 'Ngữ văn, Toán, Giáo dục công', 'code': 'C15'}, {'raw': 'Ngữ Văn, Toán, Tiếng Anh', 'code': 'D01'}, {'raw': '', 'code': 'R22'}]","","",
"Ngành Kinh tế, chuyên ngành Kinh tế và Quản lý","529","24.48","[{'raw': 'Toán, Khoa học tự nhiên, Ngữ văn', 'code': 'A16'}]","","",
"Ngành Kinh tế, chuyên ngành Quản lý kinh tế","527","26.3","[{'raw': 'Ngữ văn, Toán, Giáo dục công', 'code': 'C15'}]","","",
"Ngành Kinh tế, chuyên ngành Quản lý kinh tế","527","25.8","[{'raw': 'Ngữ Văn, Toán, Tiếng Anh', 'code': 'D01'}, {'raw': '', 'code': 'R22'}]","","",
"Ngôn ngữ Anh","7220201","34.5","[{'raw': 'Ngữ văn, Khoa học tự nhiên, Tiếng Anh', 'code': 'D72'}, {'raw': '', 'code': 'R25'}]","","",
"Ngôn ngữ Anh","7220201","35.75","[{'raw': 'Ngữ văn, Khoa học xã hội, Tiếng Anh', 'code': 'D78'}, {'raw': '', 'code': 'R26'}]","","",
"Ngôn ngữ Anh","7220201","35","[{'raw': 'Toán, Vật lí, Tiếng Anh', 'code': 'A01'}, {'raw': 'Ngữ Văn, Toán, Tiếng Anh', 'code': 'D01'}, {'raw': '', 'code': 'R22'}]","","",
"Quản lý công","7340403","24.25","[{'raw': 'Toán, Khoa học tự nhiên, Ngữ văn', 'code': 'A16'}, {'raw': 'Ngữ văn, Toán, Giáo dục công', 'code': 'C15'}, {'raw': 'Ngữ Văn, Toán, Tiếng Anh', 'code': 'D01'}, {'raw': '', 'code': 'R22'}]","","",
"Quảng cáo","7320110","36.02","[{'raw': 'Toán, Vật lí, Tiếng Anh', 'code': 'A01'}, {'raw': 'Ngữ Văn, Toán, Tiếng Anh', 'code': 'D01'}, {'raw': '', 'code': 'R22'}]","","",
"Quảng cáo","7320110","36.52","[{'raw': 'Ngữ văn, Khoa học xã hội, Tiếng Anh', 'code': 'D78'}, {'raw': '', 'code': 'R26'}]","","",
"Quảng cáo","7320110","35.52","[{'raw': 'Ngữ văn, Khoa học tự nhiên, Tiếng Anh', 'code': 'D72'}, {'raw': '', 'code': 'R25'}]","","",
"Triết học","7229001","24.22","[{'raw': 'Toán, Khoa học tự nhiên, Ngữ văn', 'code': 'A16'}, {'raw': 'Ngữ văn, Toán, Giáo dục công', 'code': 'C15'}, {'raw': 'Ngữ Văn, Toán, Tiếng Anh', 'code': 'D01'}, {'raw': '', 'code': 'R22'}]","","",
"Truyền thông đại chúng","7320105","26.15","[{'raw': 'Toán, Khoa học tự nhiên, Ngữ văn', 'code': 'A16'}]","","",
"Truyền thông quốc tế","7320107","36.06","[{'raw': 'Toán, Vật lí, Tiếng Anh', 'code': 'A01'}, {'raw': 'Ngữ Văn, Toán, Tiếng Anh', 'code': 'D01'}, {'raw': '', 'code': 'R22'}]","","",
"Truyền thông đại chúng","7320105","27.9","[{'raw': 'Ngữ văn, Toán, Giáo dục công', 'code': 'C15'}]","","",
"Truyền thông quốc tế","7320107","37.31","[{'raw': 'Ngữ văn, Khoa học xã hội, Tiếng Anh', 'code': 'D78'}, {'raw': '', 'code': 'R26'}]","","",
"Truyền thông đa phương tiện","7320104","26.68","[{'raw': 'Toán, Khoa học tự nhiên, Ngữ văn', 'code': 'A16'}]","","",
"Truyền thông đại chúng","7320105","26.65","[{'raw': 'Ngữ Văn, Toán, Tiếng Anh', 'code': 'D01'}, {'raw': '', 'code': 'R22'}]","","",
"Truyền thông quốc tế","7320107","35.56","[{'raw': 'Ngữ văn, Khoa học tự nhiên, Tiếng Anh', 'code': 'D72'}, {'raw': '', 'code': 'R25'}]","","",
"Truyền thông đa phương tiện","7320104","28.68","[{'raw': 'Ngữ văn, Toán, Giáo dục công', 'code': 'C15'}]","","",
"Truyền thông đa phương tiện","7320104","27.18","[{'raw': 'Ngữ Văn, Toán, Tiếng Anh', 'code': 'D01'}, {'raw': '', 'code': 'R22'}]","","",
"Xã hội học","7310301","25.35","[{'raw': 'Ngữ Văn, Toán, Tiếng Anh', 'code': 'D01'}, {'raw': '', 'code': 'R22'}]","","",
"Xã hội học","7310301","25.85","[{'raw': 'Ngữ văn, Toán, Giáo dục công', 'code': 'C15'}]","","",
"Xã hội học","7310301","24.85","[{'raw': 'Toán, Khoa học tự nhiên, Ngữ văn', 'code': 'A16'}]","","",
"Xây dựng Đảng và Chính quyền nhà nước","7310202","23.81","[{'raw': 'Ngữ Văn, Toán, Tiếng Anh', 'code': 'D01'}, {'raw': '', 'code': 'R22'}]","","",
"Xây dựng Đảng và Chính quyền nhà nước","7310202","24.31","[{'raw': 'Ngữ văn, Toán, Giáo dục công', 'code': 'C15'}]","","",
"Xây dựng Đảng và Chính quyền nhà nước","7310202","23.31","[{'raw': 'Toán, Khoa học tự nhiên, Ngữ văn', 'code': 'A16'}]","","",
