"Tên","Mã","Điểm đầu vào","Môn thi","Học phí","Ghi chú",
"Công nghệ thông tin","7480201","18","[{'raw': 'Toán, Vật lí, Hóa Học', 'code': 'A00'}, {'raw': 'Toán, Vật lí, Tiếng Anh', 'code': 'A01'}, {'raw': 'Toán, Hóa học, Tiếng Anh', 'code': 'D07'}]","","",
"Công nghệ kỹ thuật xây dựng dân dụng và công nghiệp","7510102","16","[{'raw': 'Toán, Vật lí, Hóa Học', 'code': 'A00'}, {'raw': 'Toán, Vật lí, Tiếng Anh', 'code': 'A01'}, {'raw': 'Toán, Hóa học, Tiếng Anh', 'code': 'D07'}]","","",
"Công nghệ kỹ thuật điều khiển và tự động hóa","7510303","16","[{'raw': 'Toán, Vật lí, Hóa Học', 'code': 'A00'}, {'raw': 'Toán, Vật lí, Tiếng Anh', 'code': 'A01'}, {'raw': 'Toán, Hóa học, Tiếng Anh', 'code': 'D07'}]","","",
"Điện tử - viễn thông","7510302","16","[{'raw': 'Toán, Vật lí, Hóa Học', 'code': 'A00'}, {'raw': 'Toán, Vật lí, Tiếng Anh', 'code': 'A01'}, {'raw': 'Toán, Hóa học, Tiếng Anh', 'code': 'D07'}]","","",
"Kỹ thuật hàng không","7520120","21.5","[{'raw': 'Toán, Vật lí, Hóa Học', 'code': 'A00'}, {'raw': 'Toán, Vật lí, Tiếng Anh', 'code': 'A01'}, {'raw': 'Toán, Hóa học, Tiếng Anh', 'code': 'D07'}]","","",
"Ngành Kinh tế vận tải","7840104","19","[{'raw': 'Toán, Vật lí, Hóa Học', 'code': 'A00'}, {'raw': 'Toán, Vật lí, Tiếng Anh', 'code': 'A01'}, {'raw': 'Ngữ văn, Lịch sử, Tiếng Anh', 'code': 'D14'}, {'raw': 'Ngữ văn, Địa lí, Tiếng Anh', 'code': 'D15'}]","","",
"Ngôn ngữ Anh","7220201","19","[{'raw': 'Toán, Vật lí, Hóa Học', 'code': 'A00'}, {'raw': 'Toán, Vật lí, Tiếng Anh', 'code': 'A01'}, {'raw': 'Ngữ văn, Lịch sử, Tiếng Anh', 'code': 'D14'}, {'raw': 'Ngữ văn, Địa lí, Tiếng Anh', 'code': 'D15'}]","","",
"Quản lý hoạt động bay","7840102","24.2","[{'raw': 'Toán, Vật lí, Hóa Học', 'code': 'A00'}, {'raw': 'Toán, Vật lí, Tiếng Anh', 'code': 'A01'}, {'raw': 'Ngữ Văn, Toán, Tiếng Anh', 'code': 'D01'}, {'raw': 'Toán, Hóa học, Tiếng Anh', 'code': 'D07'}]","","",
"Quản trị nhân lực","7340404","19","[{'raw': 'Toán, Vật lí, Hóa Học', 'code': 'A00'}, {'raw': 'Toán, Vật lí, Tiếng Anh', 'code': 'A01'}, {'raw': 'Ngữ văn, Lịch sử, Tiếng Anh', 'code': 'D14'}, {'raw': 'Ngữ văn, Địa lí, Tiếng Anh', 'code': 'D15'}]","","",
"Quản trị kinh doanh - Tiếng Anh","7340101E","19","[{'raw': 'Toán, Vật lí, Hóa Học', 'code': 'A00'}, {'raw': 'Toán, Vật lí, Tiếng Anh', 'code': 'A01'}, {'raw': 'Ngữ văn, Lịch sử, Tiếng Anh', 'code': 'D14'}, {'raw': 'Ngữ văn, Địa lí, Tiếng Anh', 'code': 'D15'}]","","",
"Quản trị dịch vụ du lịch và lữ hành","7810103","21","[{'raw': 'Toán, Vật lí, Hóa Học', 'code': 'A00'}, {'raw': 'Toán, Vật lí, Tiếng Anh', 'code': 'A01'}, {'raw': 'Ngữ văn, Lịch sử, Tiếng Anh', 'code': 'D14'}, {'raw': 'Ngữ văn, Địa lí, Tiếng Anh', 'code': 'D15'}]","","",
"Quản trị doanh nghiệp","7340101","19","[{'raw': 'Toán, Vật lí, Hóa Học', 'code': 'A00'}, {'raw': 'Toán, Vật lí, Tiếng Anh', 'code': 'A01'}, {'raw': 'Ngữ văn, Lịch sử, Tiếng Anh', 'code': 'D14'}, {'raw': 'Ngữ văn, Địa lí, Tiếng Anh', 'code': 'D15'}]","","",
