"Tên","Mã","Điểm đầu vào","Môn thi","Học phí","Ghi chú",
"Nghiệp vụ An ninh (Địa bàn 3 - Nữ)","7860100|13A00|3","24.78","[{'raw': 'Toán, Vật lí, Hóa Học', 'code': 'A00'}]","","",
"Nghiệp vụ An ninh (Địa bàn 3 - Nữ)","7860100|13C03|3","24.78","[{'raw': 'Ngữ văn, Toán, Lịch sử', 'code': 'C03'}]","","",
"Nghiệp vụ An ninh (Địa bàn 1 - Nữ)","7860100|13D01|1","24.23","[{'raw': 'Ngữ Văn, Toán, Tiếng Anh', 'code': 'D01'}]","","",
"Nghiệp vụ An ninh (Địa bàn 3 - Nam)","7860100|23D01|3","20.85","[{'raw': 'Ngữ Văn, Toán, Tiếng Anh', 'code': 'D01'}]","","",
"Nghiệp vụ An ninh (Địa bàn 2 - Nam)","7860100|23A00|2","20.68","[{'raw': 'Toán, Vật lí, Hóa Học', 'code': 'A00'}]","","",
"Nghiệp vụ An ninh (Địa bàn 2 - Nam)","7860100|23C03|2","20.68","[{'raw': 'Ngữ văn, Toán, Lịch sử', 'code': 'C03'}]","","",
"Nghiệp vụ An ninh &lpar;Địa bàn 8 - Nữ&rpar;","7860100|13A01|8","16.15","[{'raw': 'Toán, Vật lí, Tiếng Anh', 'code': 'A01'}]","","",
"Nghiệp vụ An ninh (Địa bàn 8 - Nữ)","7860100|13A00|8","16.15","[{'raw': 'Toán, Vật lí, Hóa Học', 'code': 'A00'}]","","",
"Nghiệp vụ An ninh (Địa bàn 1 - Nữ)","7860100|13A00|1","24.23","[{'raw': 'Toán, Vật lí, Hóa Học', 'code': 'A00'}]","","",
"Nghiệp vụ An ninh (Địa bàn 3 - Nam)","7860100|23A00|3","20.85","[{'raw': 'Toán, Vật lí, Hóa Học', 'code': 'A00'}]","","",
"Nghiệp vụ An ninh (Địa bàn 2 - Nữ)","7860100|13A01|2","23.55","[{'raw': 'Toán, Vật lí, Tiếng Anh', 'code': 'A01'}]","","",
"Nghiệp vụ An ninh (Địa bàn 1 - Nam)","7860100|23A01|1","19.53","[{'raw': 'Toán, Vật lí, Tiếng Anh', 'code': 'A01'}]","","",
"Nghiệp vụ An ninh (Địa bàn 8 - Nam)","7860100|23A01|8","20.88","[{'raw': 'Toán, Vật lí, Tiếng Anh', 'code': 'A01'}]","","",
"Nghiệp vụ An ninh &lpar;Địa bàn 8 - Nữ&rpar;","7860100|13D01|8","16.15","[{'raw': 'Ngữ Văn, Toán, Tiếng Anh', 'code': 'D01'}]","","",
"Nghiệp vụ An ninh (Địa bàn 3 - Nữ)","7860100|13D01|3","24.78","[{'raw': 'Ngữ Văn, Toán, Tiếng Anh', 'code': 'D01'}]","","",
"Nghiệp vụ An ninh (Địa bàn 8 - Nam)","7860100|23D01|8","20.88","[{'raw': 'Ngữ Văn, Toán, Tiếng Anh', 'code': 'D01'}]","","",
"Nghiệp vụ An ninh (Địa bàn 2 - Nữ)","7860100|13A00|2","23.55","[{'raw': 'Toán, Vật lí, Hóa Học', 'code': 'A00'}]","","",
"Nghiệp vụ An ninh (Địa bàn 8 - Nam)","7860100|23A00|8","20.88","[{'raw': 'Toán, Vật lí, Hóa Học', 'code': 'A00'}]","","",
"Nghiệp vụ An ninh (Địa bàn 2 - Nam)","7860100|23D01|2","20.68","[{'raw': 'Ngữ Văn, Toán, Tiếng Anh', 'code': 'D01'}]","","",
"Nghiệp vụ An ninh (Địa bàn 1 - Nam)","7860100|23A00|1","19.53","[{'raw': 'Toán, Vật lí, Hóa Học', 'code': 'A00'}]","","",
"Nghiệp vụ An ninh (Địa bàn 2 - Nữ)","7860100|13D01|2","23.55","[{'raw': 'Ngữ Văn, Toán, Tiếng Anh', 'code': 'D01'}]","","",
"Nghiệp vụ An ninh (Địa bàn 3 - Nam)","7860100|23C03|3","20.85","[{'raw': 'Ngữ văn, Toán, Lịch sử', 'code': 'C03'}]","","",
"Nghiệp vụ An ninh (Địa bàn 1 - Nam)","7860100|23D01|1","19.53","[{'raw': 'Ngữ Văn, Toán, Tiếng Anh', 'code': 'D01'}]","","",
"Nghiệp vụ An ninh (Địa bàn 2 - Nam)","7860100|23A01|2","20.68","[{'raw': 'Toán, Vật lí, Tiếng Anh', 'code': 'A01'}]","","",
"Nghiệp vụ An ninh (Địa bàn 3 - Nữ)","7860100|13A01|3","24.78","[{'raw': 'Toán, Vật lí, Tiếng Anh', 'code': 'A01'}]","","",
"Nghiệp vụ An ninh (Địa bàn 1 - Nữ)","7860100|13C03|1","24.23","[{'raw': 'Ngữ văn, Toán, Lịch sử', 'code': 'C03'}]","","",
"Nghiệp vụ An ninh (Địa bàn 8 - Nữ)","7860100|13C03|8","16.15","[{'raw': 'Ngữ văn, Toán, Lịch sử', 'code': 'C03'}]","","",
"Nghiệp vụ An ninh (Địa bàn 2 - Nữ)","7860100|13C03|2","23.55","[{'raw': 'Ngữ văn, Toán, Lịch sử', 'code': 'C03'}]","","",
"Nghiệp vụ An ninh (Địa bàn 8 - Nam)","7860100|23C03|8","20.88","[{'raw': 'Ngữ văn, Toán, Lịch sử', 'code': 'C03'}]","","",
"Nghiệp vụ An ninh (Địa bàn 1 - Nữ)","7860100|13A01|1","24.23","[{'raw': 'Toán, Vật lí, Tiếng Anh', 'code': 'A01'}]","","",
"Nghiệp vụ An ninh (Địa bàn 3 - Nam)","7860100|23A01|3","20.85","[{'raw': 'Toán, Vật lí, Tiếng Anh', 'code': 'A01'}]","","",
"Nghiệp vụ An ninh (Địa bàn 1 - Nam)","7860100|23C03|1","19.53","[{'raw': 'Ngữ văn, Toán, Lịch sử', 'code': 'C03'}]","","",
