"Tên","Mã","Điểm đầu vào","Môn thi","Học phí","Ghi chú",
"Chăn nuôi thú y","HVN03","17","[{'raw': 'Toán, Vật lí, Hóa Học', 'code': 'A00'}]","","",
"Chương trình quốc tế","HVN01","19","[{'raw': 'Toán, Vật lí, Hóa Học', 'code': 'A00'}]","","",
"Công nghệ hóa học và môi trường","HVN16","16.5","[{'raw': 'Toán, Vật lí, Hóa Học', 'code': 'A00'}]","","",
"Công nghệ bảo quản, chế biến và quản lý chất lượng an toàn thực phẩm","HVN09","18","[{'raw': 'Toán, Vật lí, Hóa Học', 'code': 'A00'}]","","",
"Công nghệ kỹ thuật cơ điện tử","HVN04","24","[{'raw': 'Toán, Vật lí, Hóa Học', 'code': 'A00'}]","","",
"Công nghệ rau hoa quả và cảnh quan","HVN06","23","[{'raw': 'Toán, Vật lí, Hóa Học', 'code': 'A00'}]","","",
"Công nghệ kỹ thuật ô tô","HVN05","22","[{'raw': 'Toán, Vật lí, Hóa Học', 'code': 'A00'}]","","",
"Công nghệ thông tin và truyền thông số","HVN08","22.5","[{'raw': 'Toán, Vật lí, Hóa Học', 'code': 'A00'}]","","",
"Công nghệ sinh học","HVN07","24.5","[{'raw': 'Toán, Vật lí, Hóa Học', 'code': 'A00'}]","","",
"Kế toán – Tài chính","HVN10","19","[{'raw': 'Toán, Vật lí, Hóa Học', 'code': 'A00'}]","","",
"Khoa học đất - dinh dưỡng cây trồng","HVN11","18","[{'raw': 'Toán, Vật lí, Hóa Học', 'code': 'A00'}]","","",
"Khoa học môi trường","HVN15","17","[{'raw': 'Toán, Vật lí, Hóa Học', 'code': 'A00'}]","","",
"Kinh tế nông nghiệp và Phát triển nông thôn","HVN13","21.5","[{'raw': 'Toán, Địa lí, Giáo dục công dân', 'code': 'A09'}]","","",
"Kinh tế và quản lý","HVN12","17","[{'raw': 'Toán, Địa lí, Giáo dục công dân', 'code': 'A09'}]","","",
"Luật","HVN14","22","[{'raw': 'Toán, Vật lí, Hóa Học', 'code': 'A00'}]","","",
"Ngôn ngữ Anh","HVN17","20","[{'raw': 'Ngữ Văn, Toán, Tiếng Anh', 'code': 'D01'}]","","",
"Nông nghiệp công nghệ cao","HVN18","19","[{'raw': 'Toán, Vật lí, Hóa Học', 'code': 'A00'}]","","",
"Trồng trọt và Bảo vệ thực vật","HVN02","17","[{'raw': 'Toán, Vật lí, Hóa Học', 'code': 'A00'}]","","",
