"Tên","Mã","Điểm đầu vào","Môn thi","Học phí","Ghi chú",
"ĐT Trinh sát Kỹ thuật (Nam - Phía Nam)","7860231|22A01","24.25","[{'raw': 'Toán, Vật lí, Tiếng Anh', 'code': 'A01'}]","","",
"ĐT Trinh sát Kỹ thuật  (Nam - Phía Bắc)","7860231|21A00","25.1","[{'raw': 'Toán, Vật lí, Hóa Học', 'code': 'A00'}]","","",
"ĐT Trinh sát Kỹ thuật (Nam -Phía Nam)","7860231|22A00","24.25","[{'raw': 'Toán, Vật lí, Hóa Học', 'code': 'A00'}]","","",
"ĐT Trinh sát Kỹ thuật (Nam -Phía Bắc)","7860231|21A01","25.1","[{'raw': 'Toán, Vật lí, Tiếng Anh', 'code': 'A01'}]","","",
"Ngôn ngữ Trung Quốc","7220204|10D01","27.97","[{'raw': 'Ngữ Văn, Toán, Tiếng Anh', 'code': 'D01'}]","","",
"Ngôn ngữ Nga (Nam)","7220202|20D02","23.81","[{'raw': 'Ngữ Văn, Toán, Tiếng Nga', 'code': 'D02'}]","","",
"Ngôn ngữ Anh (Nữ)","7220201|10D01","27.46","[{'raw': 'Ngữ Văn, Toán, Tiếng Anh', 'code': 'D01'}]","","",
"Ngôn ngữ Nga (Nữ)","7220202|10D02","26.38","[{'raw': 'Ngữ Văn, Toán, Tiếng Nga', 'code': 'D02'}]","","",
"Ngôn ngữ Trung Quốc (Nữ)","7220204|10D04","27.97","[{'raw': 'Ngữ văn, Toán, Tiếng Trung', 'code': 'D04'}]","","",
"Ngôn ngữ Nga (Nữ)","7220202|10D01","26.38","[{'raw': 'Ngữ Văn, Toán, Tiếng Anh', 'code': 'D01'}]","","",
"Ngôn ngữ Trung Quốc (Nam)","7220204|20D04","27.43","[{'raw': 'Ngữ văn, Toán, Tiếng Trung', 'code': 'D04'}]","","",
"Ngôn ngữ Anh (Nam)","7220201|20D01","25.57","[{'raw': 'Ngữ Văn, Toán, Tiếng Anh', 'code': 'D01'}]","","",
"Ngôn ngữ Nga (Nam)","7220202|20D01","23.81","[{'raw': 'Ngữ Văn, Toán, Tiếng Anh', 'code': 'D01'}]","","",
"Ngôn ngữ Trung Quốc (Nam)","7220204|20D01","27.43","[{'raw': 'Ngữ Văn, Toán, Tiếng Anh', 'code': 'D01'}]","","",
"Quan hệ quốc tế (Nam)","7310206|20D01","26.17","[{'raw': 'Ngữ Văn, Toán, Tiếng Anh', 'code': 'D01'}]","","",
"Quan hệ quốc tếQuan hệ quốc tế (Nữ)","7310206|10D01","27.97","[{'raw': 'Ngữ Văn, Toán, Tiếng Anh', 'code': 'D01'}]","","",
