"Tên","Mã","Điểm đầu vào","Môn thi","Học phí","Ghi chú",
"Dược học - Nữ thí sinh phía Nam","7720201|12A00","25.43","[{'raw': 'Toán, Vật lí, Hóa Học', 'code': 'A00'}]","","",
"Dược học - Nam thí sinh phía Nam","7720201|22A00","23.2","[{'raw': 'Toán, Vật lí, Hóa Học', 'code': 'A00'}]","","",
"Dược học - Nam thí sinh phía Bắc","7720201|21A00","23.19","[{'raw': 'Toán, Vật lí, Hóa Học', 'code': 'A00'}]","","",
"Y học dự phòng (Nam - Miền Nam)","7720110|22B00","24.6","[{'raw': 'Toán, Hóa Học, Sinh Học', 'code': 'B00'}]","","",
"Y khoa (Nam - Miền Nam)","7720101|22A00","24.91","[{'raw': 'Toán, Vật lí, Hóa Học', 'code': 'A00'}]","","",
"Y khoa (Nữ - Miền Nam)","7720101|12B00","27.1","[{'raw': 'Toán, Hóa Học, Sinh Học', 'code': 'B00'}]","","",
"Y khoa (Nam - Miền Bắc)","7720101|21A00","25.15","[{'raw': 'Toán, Vật lí, Hóa Học', 'code': 'A00'}]","","",
"Y khoa (Nữ - Miền Bắc)","7720101|11A00","27.17","[{'raw': 'Toán, Vật lí, Hóa Học', 'code': 'A00'}]","","",
"Y khoa (Nữ - Miền Nam)","7720101|12A00","27.1","[{'raw': 'Toán, Vật lí, Hóa Học', 'code': 'A00'}]","","",
"Y khoa (Nam - Miền Bắc)","7720101|21B00","25.15","[{'raw': 'Toán, Hóa Học, Sinh Học', 'code': 'B00'}]","","",
"Y học dự phòng (Nam - Miền Bắc)","7720110|21B00","25.5","[{'raw': 'Toán, Hóa Học, Sinh Học', 'code': 'B00'}]","","",
"Y khoa (Nam - Miền Nam)","7720101|22B00","24.91","[{'raw': 'Toán, Hóa Học, Sinh Học', 'code': 'B00'}]","","",
"Y khoa (Nữ - Miền Bắc)","7720101|11B00","27.17","[{'raw': 'Toán, Hóa Học, Sinh Học', 'code': 'B00'}]","","",
