"Tên","Mã","Điểm đầu vào","Môn thi","Học phí","Ghi chú",
"Xây dựng lực lượng CAND (phía Nam - Nữ)","7310200|12C00","23.21","[{'raw': 'Ngữ Văn, Lịch Sử, Địa lí', 'code': 'C00'}]","","",
"Xây dựng lực lượng CAND (Phía Nam - Nữ)","7310200|12D01","23.21","[{'raw': 'Ngữ Văn, Toán, Tiếng Anh', 'code': 'D01'}]","","",
"Xây dựng lực lượng CAND (phía Nam - Nam)","7310200|22C00","22.24","[{'raw': 'Ngữ Văn, Lịch Sử, Địa lí', 'code': 'C00'}]","","",
"Xây dựng lực lượng CAND (Phía Bắc - Nam)","7310200|21C03","23.41","[{'raw': 'Ngữ văn, Toán, Lịch sử', 'code': 'C03'}]","","",
"Xây dựng lực lượng CAND (phía Bắc - Nữ)","7310200|11C00","24.94","[{'raw': 'Ngữ Văn, Lịch Sử, Địa lí', 'code': 'C00'}]","","",
"Xây dựng lực lượng CAND (Phía Bắc - Nữ)","7310200|11D01","24.94","[{'raw': 'Ngữ Văn, Toán, Tiếng Anh', 'code': 'D01'}]","","",
"Xây dựng lực lượng CAND (phía Nam - Nam)","7310200|22D01","22.24","[{'raw': 'Ngữ Văn, Toán, Tiếng Anh', 'code': 'D01'}]","","",
"Xây dựng lực lượng CAND (Phía Nam - Nữ)","7310200|12C03","23.21","[{'raw': 'Ngữ văn, Toán, Lịch sử', 'code': 'C03'}]","","",
"Xây dựng lực lượng CAND (Phía Bắc - Nam)","7310200|22C03","22.24","[{'raw': 'Ngữ văn, Toán, Lịch sử', 'code': 'C03'}]","","",
"Xây dựng lực lượng CAND (Phía Bắc - Nam)","7310200|21D01","23.41","[{'raw': 'Ngữ Văn, Toán, Tiếng Anh', 'code': 'D01'}]","","",
"Xây dựng lực lượng CAND (Phía Bắc - Nữ)","7310200|11A01","24.94","[{'raw': 'Toán, Vật lí, Tiếng Anh', 'code': 'A01'}]","","",
"Xây dựng lực lượng CAND (Phía Nam - Nữ)","7310200|12A01","23.21","[{'raw': 'Toán, Vật lí, Tiếng Anh', 'code': 'A01'}]","","",
"Xây dựng lực lượng CAND (Phía Bắc - Nam)","7310200|21C00","23.41","[{'raw': 'Ngữ Văn, Lịch Sử, Địa lí', 'code': 'C00'}]","","",
"Xây dựng lực lượng CAND (Phía Nam - Nam)","7310200|22A01","22.24","[{'raw': 'Toán, Vật lí, Tiếng Anh', 'code': 'A01'}]","","",
"Xây dựng lực lượng CAND (Phía Bắc - Nam)","7310200|21A01","23.41","[{'raw': 'Toán, Vật lí, Tiếng Anh', 'code': 'A01'}]","","",
"Xây dựng lực lượng CAND (Phía Bắc - Nữ)","7310200|11C03","24.94","[{'raw': 'Ngữ văn, Toán, Lịch sử', 'code': 'C03'}]","","",
