"Tên","Mã","Điểm đầu vào","Môn thi","Học phí","Ghi chú",
"Chỉ huy tham mưu Hải quân (Nam - Phía Nam)","7860202|22A01","24.1","[{'raw': 'Toán, Vật lí, Tiếng Anh', 'code': 'A01'}]","","",
"Chỉ huy tham mưu Hải quân (Nam - Phía Bắc)","7860202|21A01","23.7","[{'raw': 'Toán, Vật lí, Tiếng Anh', 'code': 'A01'}]","","",
"Chỉ huy tham mưu Hải quân (Nam - Phía Bắc)","7860202|21A00","23.7","[{'raw': 'Toán, Vật lí, Hóa Học', 'code': 'A00'}]","","",
"Chỉ huy tham mưu Hải quân (Nam - Phía Nam)","7860202|22A00","24.1","[{'raw': 'Toán, Vật lí, Hóa Học', 'code': 'A00'}]","","",
