"Tên","Mã","Điểm đầu vào","Môn thi","Học phí","Ghi chú",
"Biên phòng (Nam - quân khu 9)","7860214|23A01|9","21.25","[{'raw': 'Toán, Vật lí, Tiếng Anh', 'code': 'A01'}]","","",
"Biên phòng (Nam - quân khu 7)","7860214|23C00|7","24.87","[{'raw': 'Ngữ Văn, Lịch Sử, Địa lí', 'code': 'C00'}]","","",
"Biên phòng (Nam - quân khu 4)","7860214|23A01|4","20.45","[{'raw': 'Toán, Vật lí, Tiếng Anh', 'code': 'A01'}]","","",
"Biên phòng (Nam - quân khu 4)","7860214|23C00|4","22.75","[{'raw': 'Ngữ Văn, Lịch Sử, Địa lí', 'code': 'C00'}]","","",
"Biên phòng (Nam - Miền Bắc)","7860214|21C00","26.99","[{'raw': 'Ngữ Văn, Lịch Sử, Địa lí', 'code': 'C00'}]","","",
"Biên phòng (Nam - Miền Bắc)","7860214|21A01","23.86","[{'raw': 'Toán, Vật lí, Tiếng Anh', 'code': 'A01'}]","","",
"Biên phòng (Nam - quân khu 7)","7860214|23A01|7","23.09","[{'raw': 'Toán, Vật lí, Tiếng Anh', 'code': 'A01'}]","","",
"Biên phòng (Nam - quân khu 5)","7860214|23C00|5","25.57","[{'raw': 'Ngữ Văn, Lịch Sử, Địa lí', 'code': 'C00'}]","","",
"Biên phòng (Nam - quân khu 5)","7860214|23A01|5","21.95","[{'raw': 'Toán, Vật lí, Tiếng Anh', 'code': 'A01'}]","","",
"Biên phòng (Nam - quân khu 9)","7860214|23C00|9","25.75","[{'raw': 'Ngữ Văn, Lịch Sử, Địa lí', 'code': 'C00'}]","","",
"Luật (Nam - Phía Nam)","7380101|22C00","25.5","[{'raw': 'Ngữ Văn, Lịch Sử, Địa lí', 'code': 'C00'}]","","",
"Luật (Nam - Phía Bắc)","7380101|21C00","27.47","[{'raw': 'Ngữ Văn, Lịch Sử, Địa lí', 'code': 'C00'}]","","",
