"Tên","Mã","Điểm đầu vào","Môn thi","Học phí","Ghi chú",
"Hậu cần quân sự (Nữ - Phía Bắc)","7860218|11A01","26.01","[{'raw': 'Toán, Vật lí, Tiếng Anh', 'code': 'A01'}]","","",
"Hậu cần quân sự (Nam - Phía Bắc)","7860218|21A00","24.68","[{'raw': 'Toán, Vật lí, Hóa Học', 'code': 'A00'}]","","",
"Hậu cần quân sự (Nam - Phía Nam)","7860218|22A00","21.7","[{'raw': 'Toán, Vật lí, Hóa Học', 'code': 'A00'}]","","",
"Hậu cần quân sự (Nữ - Phía Nam)","7860218|12A00","25.6","[{'raw': 'Toán, Vật lí, Hóa Học', 'code': 'A00'}]","","",
"Hậu cần quân sự (Nam - Phía Nam)","7860218|22A01","21.7","[{'raw': 'Toán, Vật lí, Tiếng Anh', 'code': 'A01'}]","","",
"Hậu cần quân sự (Nữ - Phía Bắc)","7860218|11A00","26.01","[{'raw': 'Toán, Vật lí, Hóa Học', 'code': 'A00'}]","","",
"Hậu cần quân sự (Nam - Phía Bắc)","7860218|21A01","24.68","[{'raw': 'Toán, Vật lí, Tiếng Anh', 'code': 'A01'}]","","",
"Hậu cần quân sự (Nữ - Phía Bắc)","7860218|12A01","25.6","[{'raw': 'Toán, Vật lí, Tiếng Anh', 'code': 'A01'}]","","",
