"Tên","Mã","Điểm đầu vào","Môn thi","Học phí","Ghi chú",
"Ngôn ngữ Trung Quốc (Nam)","7220204|20D01","19.2","[{'raw': 'Ngữ Văn, Toán, Tiếng Anh', 'code': 'D01'}]","","",
"Ngôn ngữ Anh (Nam)","7220201|20D01","14.01","[{'raw': 'Ngữ Văn, Toán, Tiếng Anh', 'code': 'D01'}]","","",
"Ngôn ngữ Trung Quốc","7220204|10D01","21.54","[{'raw': 'Ngữ Văn, Toán, Tiếng Anh', 'code': 'D01'}]","","",
"Ngôn ngữ Trung Quốc (Nam)","7220204|20D04","19.2","[{'raw': 'Ngữ văn, Toán, Tiếng Trung', 'code': 'D04'}]","","",
"Ngôn ngữ Anh (Nam)","7220201|20A01","14.01","[{'raw': 'Toán, Vật lí, Tiếng Anh', 'code': 'A01'}]","","",
"Ngôn ngữ Anh (Nữ)","7220201|10D01","22.11","[{'raw': 'Ngữ Văn, Toán, Tiếng Anh', 'code': 'D01'}]","","",
"Ngôn ngữ Trung Quốc (Nữ)","7220204|10D04","21.54","[{'raw': 'Ngữ văn, Toán, Tiếng Trung', 'code': 'D04'}]","","",
"Ngôn ngữ Anh (Nữ)","7220201|10A01","22.11","[{'raw': 'Toán, Vật lí, Tiếng Anh', 'code': 'A01'}]","","",
