"Tên","Mã","Điểm đầu vào","Môn thi","Học phí","Ghi chú",
"Luật (Nam - Phía Nam)","7380101|22C00","25","[{'raw': 'Ngữ Văn, Lịch Sử, Địa lí', 'code': 'C00'}]","","",
"Luật (Nữ - Phía Nam)","7380101|12A00","23.79","[{'raw': 'Toán, Vật lí, Hóa Học', 'code': 'A00'}]","","",
"Luật (Nữ - Phía Bắc)","7380101|11A01","21.5","[{'raw': 'Toán, Vật lí, Tiếng Anh', 'code': 'A01'}]","","",
"Luật (Nữ - Phía Bắc)","7380101|11D01","24.92","[{'raw': 'Ngữ Văn, Toán, Tiếng Anh', 'code': 'D01'}]","","",
"Luật (Nam - Phía Bắc)","7380101|21C00","26.2","[{'raw': 'Ngữ Văn, Lịch Sử, Địa lí', 'code': 'C00'}]","","",
"Luật (Nam - Phía Bắc)","7380101|21A00","21.5","[{'raw': 'Toán, Vật lí, Hóa Học', 'code': 'A00'}]","","",
"Luật (Nữ - Phía Nam)","7380101|12C00","26.63","[{'raw': 'Ngữ Văn, Lịch Sử, Địa lí', 'code': 'C00'}]","","",
"Luật (Nữ - Phía Nam)","7380101|12A01","21.75","[{'raw': 'Toán, Vật lí, Tiếng Anh', 'code': 'A01'}]","","",
"Luật (Nam - Phía Bắc)","7380101|21A01","21.15","[{'raw': 'Toán, Vật lí, Tiếng Anh', 'code': 'A01'}]","","",
"Luật (Nữ - Phía Bắc)","7380101|11C00","27.31","[{'raw': 'Ngữ Văn, Lịch Sử, Địa lí', 'code': 'C00'}]","","",
"Luật (Nam - Phía Nam)","7380101|22D01","21.7","[{'raw': 'Ngữ Văn, Toán, Tiếng Anh', 'code': 'D01'}]","","",
"Luật (Nữ - Phía Bắc)","7380101|11A00","23.75","[{'raw': 'Toán, Vật lí, Hóa Học', 'code': 'A00'}]","","",
"Luật (Nam - Phía Nam)","7380101|22A01","21.35","[{'raw': 'Toán, Vật lí, Tiếng Anh', 'code': 'A01'}]","","",
"Luật (Nữ - Phía Nam)","7380101|12D01","23.45","[{'raw': 'Ngữ Văn, Toán, Tiếng Anh', 'code': 'D01'}]","","",
"Luật (Nam - Phía Nam)","7380101|22A00","22","[{'raw': 'Toán, Vật lí, Hóa Học', 'code': 'A00'}]","","",
"Luật (Nam - Phía Bắc)","7380101|21D01","22.65","[{'raw': 'Ngữ Văn, Toán, Tiếng Anh', 'code': 'D01'}]","","",
