"Tên","Mã","Điểm đầu vào","Môn thi","Học phí","Ghi chú",
"Chỉ huy Kỹ thuật Phòng không - Không quân","7860226|21A00 &lpar;trước 2023&rpar;","22.45","[{'raw': 'Toán, Vật lí, Hóa Học', 'code': 'A00'}]","","",
"Chỉ huy Kỹ thuật Phòng không - Không quân","7860226|22A00 &lpar;trước 2023&rpar;","22","[{'raw': 'Toán, Vật lí, Hóa Học', 'code': 'A00'}]","","",
"Chỉ huy Kỹ thuật Phòng không - Không quân","7860226|21A01 &lpar;trước 2023&rpar;","22.45","[{'raw': 'Toán, Vật lí, Tiếng Anh', 'code': 'A01'}]","","",
"Chỉ huy Kỹ thuật Phòng không - Không quân","7860226|22A01 &lpar;trước 2023&rpar;","22","[{'raw': 'Toán, Vật lí, Tiếng Anh', 'code': 'A01'}]","","",
