"Tên","Mã","Điểm đầu vào","Môn thi","Học phí","Ghi chú",
"Điều dưỡng","7720301","19.65","[{'raw': 'Toán, Hóa Học, Sinh Học', 'code': 'B00'}]","","",
"Dược học","7720201","25.12","[{'raw': 'Toán, Vật lí, Hóa Học', 'code': 'A00'}, {'raw': 'Toán, Hóa Học, Sinh Học', 'code': 'B00'}]","","",
"Dược học &lpar;kết hợp chứng chỉ quốc tế&rpar;","7720201_A","23.55","[{'raw': 'Toán, Vật lí, Hóa Học', 'code': 'A00'}]","","",
"Răng - Hàm - Mặt &lpar;kết hợp chứng chỉ quốc tế&rpar;","7720501_A","25.55","[{'raw': 'Toán, Hóa Học, Sinh Học', 'code': 'B00'}]","","",
"Răng- Hàm -Mặt","7720501","26.05","[{'raw': 'Toán, Hóa Học, Sinh Học', 'code': 'B00'}]","","",
"Y khoa &lpar;kết hợp chứng chỉ quốc tế&rpar;","7720101_A","25.25","[{'raw': 'Toán, Hóa Học, Sinh Học', 'code': 'B00'}]","","",
"Y học cổ truyền &lpar;kết hợp chứng chỉ quốc tế&rpar;","7720115_A","22.65","[{'raw': 'Toán, Hóa Học, Sinh Học', 'code': 'B00'}]","","",
"Y khoa","7720101","26.15","[{'raw': 'Toán, Hóa Học, Sinh Học', 'code': 'B00'}]","","",
"Y học cổ truyền","7720115","23.75","[{'raw': 'Toán, Hóa Học, Sinh Học', 'code': 'B00'}]","","",
