"Tên","Mã","Điểm đầu vào","Môn thi","Học phí","Ghi chú",
"Kế toán","7340301","15","[{'raw': 'Toán, Vật lí, Hóa Học', 'code': 'A00'}, {'raw': 'Toán, Vật lí, Tiếng Anh', 'code': 'A01'}, {'raw': 'Ngữ Văn, Toán, Tiếng Anh', 'code': 'D01'}, {'raw': 'Toán, Địa lí, Tiếng Anh', 'code': 'D10'}]","","",
"Ngành Kinh doanh quốc tế","7340120","15","[{'raw': 'Toán, Vật lí, Hóa Học', 'code': 'A00'}, {'raw': 'Toán, Vật lí, Tiếng Anh', 'code': 'A01'}, {'raw': 'Ngữ Văn, Toán, Tiếng Anh', 'code': 'D01'}, {'raw': 'Toán, Địa lí, Tiếng Anh', 'code': 'D10'}]","","",
"Quản trị doanh nghiệp","7340101","15","[{'raw': 'Toán, Vật lí, Hóa Học', 'code': 'A00'}, {'raw': 'Toán, Vật lí, Tiếng Anh', 'code': 'A01'}, {'raw': 'Ngữ Văn, Toán, Tiếng Anh', 'code': 'D01'}, {'raw': 'Toán, Địa lí, Tiếng Anh', 'code': 'D10'}]","","",
"Quản lý tài nguyên và môi trường","7850101","15","[{'raw': 'Toán, Hóa Học, Sinh Học', 'code': 'B00'}, {'raw': 'Toán, Sinh học, Tiếng Anh', 'code': 'B08'}, {'raw': 'Ngữ Văn, Toán, Tiếng Anh', 'code': 'D01'}, {'raw': 'Toán, Địa lí, Tiếng Anh', 'code': 'D10'}]","","",
