"Tên","Mã","Điểm đầu vào","Môn thi","Học phí","Ghi chú",
"Quản trị tài nguyên di sản","7900205","24.4","[{'raw': 'Ngữ văn, Toán, Tiếng Trung', 'code': 'D04'}]","","",
"Quản trị đô thị thông minh và bền vững","7900204","22.2","[{'raw': 'Toán, Hóa học, Tiếng Anh', 'code': 'D07'}]","","",
"Quản trị kinh doanh (liên kết)","7349002","22","[{'raw': 'Ngữ văn, Toán, Tiếng Pháp', 'code': 'D03'}]","","",
"Quản trị tài nguyên di sản","7900205","23.48","[{'raw': 'Ngữ Văn, Lịch Sử, Địa lí', 'code': 'C00'}]","","",
"Quản trị kinh doanh (liên kết)","7349002","24.06","[{'raw': 'Toán, Vật lí, Tiếng Anh', 'code': 'A01'}]","","",
"Quản trị đô thị thông minh và bền vững","7900204","23.05","[{'raw': 'Toán, Vật lí, Hóa Học', 'code': 'A00'}]","","",
"Quản trị tài nguyên di sản","7900205","22.42","[{'raw': 'Ngữ văn, Khoa học xã hội, Tiếng Anh', 'code': 'D78'}]","","",
"Quản trị tài nguyên di sản","7900205","22.45","[{'raw': 'Toán, Vật lí, Tiếng Anh', 'code': 'A01'}]","","",
"Quản trị kinh doanh (liên kết)","7349002","24.35","[{'raw': 'Toán, Vật lí, Hóa Học', 'code': 'A00'}]","","",
"Quản trị kinh doanh (liên kết)","7349002","24.44","[{'raw': 'Ngữ văn, Toán, Tiếng Trung', 'code': 'D04'}]","","",
"Quản trị đô thị thông minh và bền vững","7900204","24.65","[{'raw': 'Ngữ văn, Toán, Tiếng Trung', 'code': 'D04'}]","","",
"Quản trị tài nguyên di sản","7900205","22","[{'raw': 'Ngữ văn, Toán, Tiếng Pháp', 'code': 'D03'}]","","",
"Quản trị kinh doanh (liên kết)","7349002","24.3","[{'raw': 'Ngữ Văn, Toán, Tiếng Anh', 'code': 'D01'}]","","",
"Quản trị đô thị thông minh và bền vững","7900204","22","[{'raw': 'Ngữ Văn, Toán, Tiếng Anh', 'code': 'D01'}]","","",
"Quản trị đô thị thông minh và bền vững","7900204","24.05","[{'raw': 'Ngữ văn, Toán, Tiếng Pháp', 'code': 'D03'}]","","",
"Quản trị tài nguyên di sản","7900205","22.2","[{'raw': 'Ngữ Văn, Toán, Tiếng Anh', 'code': 'D01'}]","","",
"Quản trị kinh doanh (liên kết)","7349002","25.73","[{'raw': 'Ngữ Văn, Lịch Sử, Địa lí', 'code': 'C00'}]","","",
"Quản trị đô thị thông minh và bền vững","7900204","23.15","[{'raw': 'Toán, Vật lí, Tiếng Anh', 'code': 'A01'}]","","",
"Tài chính - Ngân hàng (liên kết)","7349001","25.2","[{'raw': 'Ngữ văn, Toán, Tiếng Trung', 'code': 'D04'}]","","",
"Tài chính - Ngân hàng (liên kết)","7349001","24.7","[{'raw': 'Ngữ Văn, Toán, Tiếng Anh', 'code': 'D01'}]","","",
"Tài chính - Ngân hàng (liên kết)","7349001","24.17","[{'raw': 'Toán, Vật lí, Hóa Học', 'code': 'A00'}]","","",
"Tài chính - Ngân hàng (liên kết)","7349001","24.6","[{'raw': 'Ngữ văn, Toán, Tiếng Pháp', 'code': 'D03'}]","","",
"Tài chính - Ngân hàng (liên kết)","7349001","26.13","[{'raw': 'Ngữ Văn, Lịch Sử, Địa lí', 'code': 'C00'}]","","",
"Tài chính - Ngân hàng (liên kết)","7349001","24.2","[{'raw': 'Toán, Vật lí, Tiếng Anh', 'code': 'A01'}]","","",
