"Tên","Mã","Điểm đầu vào","Môn thi","Học phí","Ghi chú",
"Luật chất lượng cao đáp ứng Thông tư 23","7380101CLC","25.1","[{'raw': 'Toán, Vật lí, Tiếng Anh', 'code': 'A01'}, {'raw': 'Ngữ Văn, Toán, Tiếng Anh', 'code': 'D01'}, {'raw': 'Toán, Hóa học, Tiếng Anh', 'code': 'D07'}, {'raw': 'Ngữ văn, Khoa học xã hội, Tiếng Anh', 'code': 'D78'}]","","",
"Luật kinh doanh","7380110","25.29","[{'raw': 'Toán, Vật lí, Hóa Học', 'code': 'A00'}, {'raw': 'Toán, Vật lí, Tiếng Anh', 'code': 'A01'}, {'raw': 'Ngữ Văn, Toán, Tiếng Anh', 'code': 'D01'}, {'raw': 'Ngữ văn, Toán, Tiếng Pháp', 'code': 'D03'}, {'raw': 'Ngữ văn, Khoa học xã hội, Tiếng Anh', 'code': 'D78'}, {'raw': 'Ngữ văn, Khoa học xã hội, Tiếng Pháp', 'code': 'D82'}]","","",
"Luật Thương mại Quốc tế","7380109","25.7","[{'raw': 'Toán, Vật lí, Hóa Học', 'code': 'A00'}, {'raw': 'Toán, Vật lí, Tiếng Anh', 'code': 'A01'}, {'raw': 'Ngữ Văn, Toán, Tiếng Anh', 'code': 'D01'}, {'raw': 'Ngữ văn, Khoa học xã hội, Tiếng Anh', 'code': 'D78'}, {'raw': 'Ngữ văn, Khoa học xã hội, Tiếng Pháp', 'code': 'D82'}]","","",
"Ngành Luật","7380101","24.6","[{'raw': 'Ngữ văn, Toán, Tiếng Pháp', 'code': 'D03'}]","","",
"Ngành Luật","7380101","24.35","[{'raw': 'Toán, Vật lí, Hóa Học', 'code': 'A00'}]","","",
"Ngành Luật","7380101","24.28","[{'raw': 'Ngữ văn, Khoa học xã hội, Tiếng Pháp', 'code': 'D82'}]","","",
"Ngành Luật","7380101","25.1","[{'raw': 'Ngữ Văn, Toán, Tiếng Anh', 'code': 'D01'}, {'raw': 'Ngữ văn, Khoa học xã hội, Tiếng Anh', 'code': 'D78'}]","","",
"Ngành Luật","7380101","27.5","[{'raw': 'Ngữ Văn, Lịch Sử, Địa lí', 'code': 'C00'}]","","",
