"Tên","Mã","Điểm đầu vào","Môn thi","Học phí","Ghi chú",
"Chăn nuôi","7620105","15","[{'raw': 'Toán, Vật lí, Hóa Học', 'code': 'A00'}, {'raw': 'Toán, Hóa Học, Sinh Học', 'code': 'B00'}, {'raw': 'Ngữ văn, Toán, Hóa học', 'code': 'C02'}, {'raw': 'Ngữ Văn, Toán, Tiếng Anh', 'code': 'D01'}]","","",
"Giáo dục Mầm non","7140201","20.5","[{'raw': 'Toán, Sinh học, Ngữ văn', 'code': 'B03'}, {'raw': 'Ngữ Văn, Lịch Sử, Địa lí', 'code': 'C00'}, {'raw': 'Ngữ văn, Toán, Địa lí', 'code': 'C04'}, {'raw': 'Toán, Địa lí, Tiếng Trung', 'code': 'D20'}]","","",
"Giáo dục Tiểu học, chương trình dạy và học bằng tiếng Anh","7140202_1","22","[{'raw': 'Toán, Vật lí, Tiếng Anh', 'code': 'A01'}]","","",
"Giáo dục Mầm non","51140201","17","[{'raw': 'Toán, Sinh học, Ngữ văn', 'code': 'B03'}, {'raw': 'Ngữ Văn, Lịch Sử, Địa lí', 'code': 'C00'}, {'raw': 'Ngữ văn, Toán, Địa lí', 'code': 'C04'}, {'raw': 'Ngữ văn, Địa lí, Giáo dục công dân', 'code': 'C20'}]","","",
"Giáo dục Tiểu học","7140202","25.75","[{'raw': 'Toán, Vật lí, Hóa Học', 'code': 'A00'}, {'raw': 'Ngữ Văn, Lịch Sử, Địa lí', 'code': 'C00'}, {'raw': 'Ngữ văn, Toán, Giáo dục công dân', 'code': 'C14'}, {'raw': 'Ngữ văn, Địa lí, Giáo dục công dân', 'code': 'C20'}]","","",
"Khoa học cây trồng","7620110","15","[{'raw': 'Toán, Vật lí, Hóa Học', 'code': 'A00'}, {'raw': 'Toán, Hóa Học, Sinh Học', 'code': 'B00'}, {'raw': 'Ngữ văn, Toán, Hóa học', 'code': 'C02'}, {'raw': 'Ngữ Văn, Toán, Tiếng Anh', 'code': 'D01'}]","","",
"Kinh tế","7310101","15","[{'raw': 'Toán, Vật lí, Hóa Học', 'code': 'A00'}, {'raw': 'Toán, Vật lí, Tiếng Anh', 'code': 'A01'}, {'raw': 'Ngữ văn, Toán, Địa lí', 'code': 'C04'}, {'raw': 'Toán, Địa lí, Tiếng Anh', 'code': 'D10'}]","","",
"Ngôn ngữ Trung Quốc","7220204","23.5","[{'raw': 'Ngữ Văn, Toán, Tiếng Anh', 'code': 'D01'}, {'raw': 'Ngữ văn, Toán, Tiếng Trung', 'code': 'D04'}, {'raw': 'Toán, Địa lí, Tiếng Anh', 'code': 'D10'}, {'raw': 'Ngữ văn, Địa lí, Tiếng Anh', 'code': 'D15'}]","","",
"Quản lý tài nguyên và môi trường","7850101","15","[{'raw': 'Toán, Vật lí, Hóa Học', 'code': 'A00'}, {'raw': 'Toán, Hóa Học, Sinh Học', 'code': 'B00'}, {'raw': 'Ngữ văn, Toán, Hóa học', 'code': 'C02'}, {'raw': 'Ngữ Văn, Toán, Tiếng Anh', 'code': 'D01'}]","","",
"Quản trị dịch vụ du lịch và lữ hành","7810103","19","[{'raw': 'Ngữ Văn, Lịch Sử, Địa lí', 'code': 'C00'}, {'raw': 'Ngữ văn, Toán, Lịch sử', 'code': 'C03'}, {'raw': 'Ngữ văn, Toán, Địa lí', 'code': 'C04'}, {'raw': 'Ngữ Văn, Toán, Tiếng Anh', 'code': 'D01'}]","","",
