"Tên","Mã","Điểm đầu vào","Môn thi","Học phí","Ghi chú",
"Công nghệ thông tin","7480201","15","[{'raw': 'Toán, Vật lí, Hóa Học', 'code': 'A00'}, {'raw': 'Toán, Vật lí, Tiếng Anh', 'code': 'A01'}, {'raw': 'Ngữ Văn, Toán, Tiếng Anh', 'code': 'D01'}, {'raw': 'Toán, Hóa học, Tiếng Anh', 'code': 'D07'}]","","",
"Giáo dục Tiểu học","7140202","23","[{'raw': 'Toán, Vật lí, Hóa Học', 'code': 'A00'}, {'raw': 'Toán, Sinh học, Ngữ văn', 'code': 'B03'}, {'raw': 'Ngữ Văn, Lịch Sử, Địa lí', 'code': 'C00'}, {'raw': 'Ngữ Văn, Toán, Tiếng Anh', 'code': 'D01'}]","","",
"Kế toán","7340301","15","[{'raw': 'Toán, Vật lí, Hóa Học', 'code': 'A00'}, {'raw': 'Toán, Địa lí, Giáo dục công dân', 'code': 'A09'}, {'raw': 'Ngữ Văn, Lịch Sử, Địa lí', 'code': 'C00'}, {'raw': 'Ngữ Văn, Toán, Tiếng Anh', 'code': 'D01'}]","","",
"Luật kinh tế","7380107","15","[{'raw': 'Toán, Vật lí, Hóa Học', 'code': 'A00'}, {'raw': 'Toán, Địa lí, Giáo dục công dân', 'code': 'A09'}, {'raw': 'Ngữ Văn, Lịch Sử, Địa lí', 'code': 'C00'}, {'raw': 'Ngữ Văn, Toán, Tiếng Anh', 'code': 'D01'}]","","",
"Quản lý nhà nước","7310205","15","[{'raw': 'Toán, Vật lí, Hóa Học', 'code': 'A00'}, {'raw': 'Toán, Địa lí, Giáo dục công dân', 'code': 'A09'}, {'raw': 'Ngữ Văn, Lịch Sử, Địa lí', 'code': 'C00'}, {'raw': 'Ngữ Văn, Toán, Tiếng Anh', 'code': 'D01'}]","","",
"Quản trị doanh nghiệp","7340101","15","[{'raw': 'Toán, Vật lí, Hóa Học', 'code': 'A00'}, {'raw': 'Toán, Địa lí, Giáo dục công dân', 'code': 'A09'}, {'raw': 'Ngữ Văn, Lịch Sử, Địa lí', 'code': 'C00'}, {'raw': 'Ngữ Văn, Toán, Tiếng Anh', 'code': 'D01'}]","","",
"Tài chính – Ngân hàng","7340201","15","[{'raw': 'Toán, Vật lí, Hóa Học', 'code': 'A00'}, {'raw': 'Toán, Địa lí, Giáo dục công dân', 'code': 'A09'}, {'raw': 'Ngữ Văn, Lịch Sử, Địa lí', 'code': 'C00'}, {'raw': 'Ngữ Văn, Toán, Tiếng Anh', 'code': 'D01'}]","","",
