"Tên","Mã","Điểm đầu vào","Môn thi","Học phí","Ghi chú",
"Chỉ huy tham mưu (Nam - Phía Nam)","7860205|22A00","22.3","[{'raw': 'Toán, Vật lí, Hóa Học', 'code': 'A00'}]","","",
"Chỉ huy tham mưu (Nam - Phía Nam)","7860205|22A01","22.3","[{'raw': 'Toán, Vật lí, Tiếng Anh', 'code': 'A01'}]","","",
"Chỉ huy tham mưu (Nam - Phía Bắc)","7860205|21A01","22.75","[{'raw': 'Toán, Vật lí, Tiếng Anh', 'code': 'A01'}]","","",
"Chỉ huy tham mưu (Nam - Phía Bắc)","7860205|21A00","22.75","[{'raw': 'Toán, Vật lí, Hóa Học', 'code': 'A00'}]","","",
