"Tên","Mã","Điểm đầu vào","Môn thi","Học phí","Ghi chú",
"Ngành Chỉ huy kỹ thuật Công binh (Nam - Miền Nam)","7860228|22A01","23.2","[{'raw': 'Toán, Vật lí, Tiếng Anh', 'code': 'A01'}]","","",
"Ngành Chỉ huy kỹ thuật Công binh (Nam - Miền Bắc)","7860228|21A00","16.25","[{'raw': 'Toán, Vật lí, Hóa Học', 'code': 'A00'}]","","",
"Ngành Chỉ huy kỹ thuật Công binh (Nam - Miền Nam)","7860228|22A00","23.2","[{'raw': 'Toán, Vật lí, Hóa Học', 'code': 'A00'}]","","",
"Ngành Chỉ huy kỹ thuật Công binh (Nam - Miền Bắc)","7860228|21A01","16.25","[{'raw': 'Toán, Vật lí, Tiếng Anh', 'code': 'A01'}]","","",
