"Tên","Mã","Điểm đầu vào","Môn thi","Học phí","Ghi chú",
"Ngành Chỉ huy tham mưu Tăng thiết giáp (Thí sinh Nam miền Nam)","7860206|22A00","21.45","[{'raw': 'Toán, Vật lí, Hóa Học', 'code': 'A00'}]","","",
"Ngành Chỉ huy tham mưu Tăng thiết giáp (Thí sinh Nam miền Nam)","7860206|22A01","21.45","[{'raw': 'Toán, Vật lí, Tiếng Anh', 'code': 'A01'}]","","",
"Ngành Chỉ huy tham mưu Tăng thiết giáp (Thí sinh Nam miền Bắc)","7860206|21A01","22.8","[{'raw': 'Toán, Vật lí, Tiếng Anh', 'code': 'A01'}]","","",
"Ngành Chỉ huy tham mưu Tăng thiết giáp (Thí sinh Nam miền Bắc)","7860206|21A00","22.8","[{'raw': 'Toán, Vật lí, Hóa Học', 'code': 'A00'}]","","",
