"Tên","Mã","Điểm đầu vào","Môn thi","Học phí","Ghi chú",
"Marketing và Truyền thông","7900102","21.55","[{'raw': 'Ngữ Văn, Toán, Tiếng Anh', 'code': 'D01'}, {'raw': 'Toán, Lịch sử, Tiếng Anh', 'code': 'D09'}, {'raw': 'Toán, Địa lí, Tiếng Anh', 'code': 'D10'}, {'raw': 'Toán, Khoa học xã hội, Anh', 'code': 'D96'}]","","",
"Quản trị Nhân lực và Nhân tài","7900103","20.55","[{'raw': 'Ngữ Văn, Toán, Tiếng Anh', 'code': 'D01'}, {'raw': 'Toán, Lịch sử, Tiếng Anh', 'code': 'D09'}, {'raw': 'Toán, Địa lí, Tiếng Anh', 'code': 'D10'}, {'raw': 'Toán, Khoa học xã hội, Anh', 'code': 'D96'}]","","",
"Quản trị và An ninh","7900189","22","[{'raw': 'Toán, Vật lí, Tiếng Anh', 'code': 'A01'}, {'raw': 'Ngữ Văn, Toán, Tiếng Anh', 'code': 'D01'}, {'raw': 'Toán, Hóa học, Tiếng Anh', 'code': 'D07'}, {'raw': 'Toán, Sinh học, Tiếng Anh', 'code': 'D08'}]","","",
"Quản trị Doanh nghiệp và Công nghệ","7900101","21.55","[{'raw': 'Toán, Vật lí, Tiếng Anh', 'code': 'A01'}, {'raw': 'Ngữ Văn, Toán, Tiếng Anh', 'code': 'D01'}, {'raw': 'Toán, Hóa học, Tiếng Anh', 'code': 'D07'}, {'raw': 'Toán, Sinh học, Tiếng Anh', 'code': 'D08'}]","","",
