"Tên","Mã","Điểm đầu vào","Môn thi","Học phí","Ghi chú",
"Ngành Chỉ huy tham mưu Tham mưu thông tin (Thí sinh Nam miền Bắc)","7860221|21A01","22.8","[{'raw': 'Toán, Vật lí, Tiếng Anh', 'code': 'A01'}]","","",
"Ngành Chỉ huy tham mưu Tham mưu thông tin (Thí sinh Nam miền Nam)","7860221|22A01","22.94","[{'raw': 'Toán, Vật lí, Tiếng Anh', 'code': 'A01'}]","","",
"Ngành Chỉ huy tham mưu Tham mưu thông tin (Thí sinh Nam miền Bắc)","7860221|21A00","22.8","[{'raw': 'Toán, Vật lí, Hóa Học', 'code': 'A00'}]","","",
"Ngành Chỉ huy tham mưu Tham mưu thông tin (Thí sinh Nam miền Nam)","7860221|22A00","22.94","[{'raw': 'Toán, Vật lí, Hóa Học', 'code': 'A00'}]","","",
