"Tên","Mã","Điểm đầu vào","Môn thi","Học phí","Ghi chú",
"Chỉ huy kỹ thuật hóa học phía Nam","7860229|22A00 &lpar;trước 2023&rpar;","22.55","[{'raw': 'Toán, Vật lí, Hóa Học', 'code': 'A00'}]","","",
"Ngành Chỉ huy Kỹ thuật Hóa học (Thí sinh Nam miền Nam)","7860229|22A01","22.55","[{'raw': 'Toán, Vật lí, Tiếng Anh', 'code': 'A01'}]","","",
"Ngành Chỉ huy Kỹ thuật Hóa học (Thí sinh Nam miền Bắc)","7860229|21A01","20.95","[{'raw': 'Toán, Vật lí, Tiếng Anh', 'code': 'A01'}]","","",
"Ngành Chỉ huy Kỹ thuật Hóa học (Thí sinh Nam miền Bắc)","7860229|21A00","20.95","[{'raw': 'Toán, Vật lí, Hóa Học', 'code': 'A00'}]","","",
