"Tên","Mã","Điểm đầu vào","Môn thi","Học phí","Ghi chú",
"Ngành Chỉ huy tham mưu Đặc công (Thí sinh Nam miền Bắc)","7860207|21A01","18.05","[{'raw': 'Toán, Vật lí, Tiếng Anh', 'code': 'A01'}]","","",
"Ngành Chỉ huy tham mưu Đặc công (Thí sinh Nam miền Bắc)","7860207|21A00","18.05","[{'raw': 'Toán, Vật lí, Hóa Học', 'code': 'A00'}]","","",
"Ngành Chỉ huy tham mưu Đặc công (Thí sinh Nam miền Nam)","7860207|22A01","22.45","[{'raw': 'Toán, Vật lí, Tiếng Anh', 'code': 'A01'}]","","",
"Ngành Chỉ huy tham mưu Đặc công (Thí sinh Nam miền Nam)","7860207|22A00","22.45","[{'raw': 'Toán, Vật lí, Hóa Học', 'code': 'A00'}]","","",
