"Tên","Mã","Điểm đầu vào","Môn thi","Học phí","Ghi chú",
"Ngành Xây dựng Đảng và chính quyền Nhà nước (Nam - Phía Nam)","7310202|22C00","26.27","[{'raw': 'Ngữ Văn, Lịch Sử, Địa lí', 'code': 'C00'}]","","",
"Ngành Xây dựng Đảng và chính quyền Nhà nước (Nam - Phía Nam)","7310202|22A00","19.8","[{'raw': 'Toán, Vật lí, Hóa Học', 'code': 'A00'}]","","",
"Ngành Xây dựng Đảng và chính quyền Nhà nước (Nam - Phía Bắc)","7310202|21A00","19.55","[{'raw': 'Toán, Vật lí, Hóa Học', 'code': 'A00'}]","","",
"Ngành Xây dựng Đảng và chính quyền Nhà nước (Nam - Phía Bắc)","7310202|21C00","27.62","[{'raw': 'Ngữ Văn, Lịch Sử, Địa lí', 'code': 'C00'}]","","",
"Ngành Xây dựng Đảng và chính quyền Nhà nước (Nam - Phía Bắc)","7310202|21D01","23.75","[{'raw': 'Ngữ Văn, Toán, Tiếng Anh', 'code': 'D01'}]","","",
"Ngành Xây dựng Đảng và chính quyền Nhà nước (Nam - Phía Bắc)","7310202|21D01","24.2","[{'raw': 'Ngữ Văn, Toán, Tiếng Anh', 'code': 'D01'}]","","",
