"Tên","Mã","Điểm đầu vào","Môn thi","Học phí","Ghi chú",
"Chỉ huy tham mưu Lục quân (Nam - quân khu 7)","7860201|23A01|7","22.15","[{'raw': 'Toán, Vật lí, Tiếng Anh', 'code': 'A01'}]","","",
"Chỉ huy tham mưu Lục quân (Nam - quân khu 4)","7860201|23A00|4","24.07","[{'raw': 'Toán, Vật lí, Hóa Học', 'code': 'A00'}]","","",
"Chỉ huy tham mưu Lục quân (Nam - quân khu 7)","7860201|23A00|7","22.15","[{'raw': 'Toán, Vật lí, Hóa Học', 'code': 'A00'}]","","",
"Chỉ huy tham mưu Lục quân (Nam - quân khu 9)","7860201|23A01|9","22","[{'raw': 'Toán, Vật lí, Tiếng Anh', 'code': 'A01'}]","","",
"Chỉ huy tham mưu Lục quân (Nam - quân khu 5)","7860201|23A00|5","19.95","[{'raw': 'Toán, Vật lí, Hóa Học', 'code': 'A00'}]","","",
"Chỉ huy tham mưu Lục quân (Nam - quân khu 5)","7860201|23A01|5","19.95","[{'raw': 'Toán, Vật lí, Tiếng Anh', 'code': 'A01'}]","","",
"Chỉ huy tham mưu Lục quân (Nam - quân khu 4)","7860201|23A01|4","24.07","[{'raw': 'Toán, Vật lí, Tiếng Anh', 'code': 'A01'}]","","",
"Chỉ huy tham mưu Lục quân (Nam - quân khu 9)","7860201|23A00|9","22","[{'raw': 'Toán, Vật lí, Hóa Học', 'code': 'A00'}]","","",
