"Tên","Mã","Điểm đầu vào","Môn thi","Học phí","Ghi chú",
"Điều dưỡng","7720301","19.05","[{'raw': 'Toán, Hóa Học, Sinh Học', 'code': 'B00'}, {'raw': 'Toán, Sinh học, Tiếng Anh', 'code': 'B08'}]","","",
"Dược học","7720201","24.7","[{'raw': 'Toán, Vật lí, Hóa Học', 'code': 'A00'}, {'raw': 'Toán, Hóa Học, Sinh Học', 'code': 'B00'}]","","",
"Hộ sinh","7720302","19","[{'raw': 'Toán, Hóa Học, Sinh Học', 'code': 'B00'}]","","",
"Kỹ thuật hình ảnh y học","7720602","19.05","[{'raw': 'Toán, Vật lí, Hóa Học', 'code': 'A00'}, {'raw': 'Toán, Hóa Học, Sinh Học', 'code': 'B00'}]","","",
"Kỹ thuật xét nghiệm y học","7720601","20.7","[{'raw': 'Toán, Hóa Học, Sinh Học', 'code': 'B00'}]","","",
"Răng- Hàm -Mặt","7720501","25.8","[{'raw': 'Toán, Hóa Học, Sinh Học', 'code': 'B00'}]","","",
"Y tế công cộng","7720701","16","[{'raw': 'Toán, Hóa Học, Sinh Học', 'code': 'B00'}, {'raw': 'Toán, Sinh học, Tiếng Anh', 'code': 'B08'}]","","",
"Y học cổ truyền","7720115","22.7","[{'raw': 'Toán, Hóa Học, Sinh Học', 'code': 'B00'}]","","",
"Y khoa","7720101","26","[{'raw': 'Toán, Hóa Học, Sinh Học', 'code': 'B00'}]","","",
"Y học dự phòng","7720110","19.05","[{'raw': 'Toán, Hóa Học, Sinh Học', 'code': 'B00'}]","","",
