"Tên","Mã","Điểm đầu vào","Môn thi","Học phí","Ghi chú",
"Điều dưỡng","7720301TQ","22.4","[{'raw': 'Toán, Hóa Học, Sinh Học', 'code': 'B00'}]","","",
"Điều dưỡng","7720301TP","22.4","[{'raw': 'Toán, Hóa Học, Sinh Học', 'code': 'B00'}]","","",
"Dinh dưỡng","7720401TQ","21.8","[{'raw': 'Toán, Hóa Học, Sinh Học', 'code': 'B00'}]","","",
"Dinh dưỡng","7720401TP","22.25","[{'raw': 'Toán, Hóa Học, Sinh Học', 'code': 'B00'}]","","",
"Dược học","7720201TP","25.8","[{'raw': 'Toán, Hóa Học, Sinh Học', 'code': 'B00'}]","","",
"Dược học","7720201TQ","25.25","[{'raw': 'Toán, Hóa Học, Sinh Học', 'code': 'B00'}]","","",
"Khúc xạ nhãn khoa","7720699TQ","23.57","[{'raw': 'Toán, Hóa Học, Sinh Học', 'code': 'B00'}]","","",
"Khúc xạ nhãn khoa","7720699TP","23.75","[{'raw': 'Toán, Hóa Học, Sinh Học', 'code': 'B00'}]","","",
"Kỹ thuật xét nghiệm y học","7720601TP","24.54","[{'raw': 'Toán, Hóa Học, Sinh Học', 'code': 'B00'}]","","",
"Kỹ thuật hình ảnh y học","7720602TP","23.45","[{'raw': 'Toán, Hóa Học, Sinh Học', 'code': 'B00'}]","","",
"Kỹ thuật phục hồi chức năng","7720603TP","23.13","[{'raw': 'Toán, Hóa Học, Sinh Học', 'code': 'B00'}]","","",
"Kỹ thuật hình ảnh Y học","7720602TQ","23.61","[{'raw': 'Toán, Hóa Học, Sinh Học', 'code': 'B00'}]","","",
"Kỹ thuật xét nghiệm y học","7720601TQ","24.47","[{'raw': 'Toán, Hóa Học, Sinh Học', 'code': 'B00'}]","","",
"Kỹ thuật phục hồi chức năng","7720603TQ","23.09","[{'raw': 'Toán, Hóa Học, Sinh Học', 'code': 'B00'}]","","",
"Răng - Hàm - Mặt","7720501TQ","26.28","[{'raw': 'Toán, Hóa Học, Sinh Học', 'code': 'B00'}]","","",
"Răng - Hàm - Mặt","7720501TP","26","[{'raw': 'Toán, Hóa Học, Sinh Học', 'code': 'B00'}]","","",
"Y tế công cộng","7720701TQ","18.35","[{'raw': 'Toán, Hóa Học, Sinh Học', 'code': 'B00'}]","","",
"Y khoa","7720101TP","25.9","[{'raw': 'Toán, Hóa Học, Sinh Học', 'code': 'B00'}]","","",
"Y tế công cộng","7720701TP","18.85","[{'raw': 'Toán, Hóa Học, Sinh Học', 'code': 'B00'}]","","",
"Y khoa","7720101TQ","26.31","[{'raw': 'Toán, Hóa Học, Sinh Học', 'code': 'B00'}]","","",
