"Tên","Mã","Điểm đầu vào","Môn thi","Học phí","Ghi chú",
"Công nghệ thông tin","7480201","15","[{'raw': 'Toán, Vật lí, Hóa Học', 'code': 'A00'}]","","",
"Công tác xã hội","7760101","15","[{'raw': 'Ngữ Văn, Lịch Sử, Địa lí', 'code': 'C00'}]","","",
"Điều dưỡng","7720301","19","[{'raw': 'Toán, Hóa Học, Sinh Học', 'code': 'B00'}]","","",
"Dược học","7720201","21","[{'raw': 'Toán, Vật lí, Hóa Học', 'code': 'A00'}]","","",
"Giáo dục Mầm non","51140201","17","[{'raw': 'Ngữ Văn, Lịch Sử, Địa lí', 'code': 'C00'}]","","",
"Giáo dục Tiểu học","7140202","23.94","[{'raw': 'Toán, Vật lí, Hóa Học', 'code': 'A00'}]","","",
"Giáo dục Mầm non","7140201","19","[{'raw': 'Ngữ Văn, Lịch Sử, Địa lí', 'code': 'C00'}]","","",
"Kế toán","7340301","15","[{'raw': 'Toán, Vật lí, Hóa Học', 'code': 'A00'}]","","",
"Khoa học cây trồng","7620110","15","[{'raw': 'Toán, Vật lí, Hóa Học', 'code': 'A00'}, {'raw': 'Toán, Hóa Học, Sinh Học', 'code': 'B00'}]","","",
"Lâm sinh","7620205","15","[{'raw': 'Toán, Vật lí, Sinh học', 'code': 'A02'}]","","",
"Quản trị dịch vụ du lịch và lữ hành","7810103","15","[{'raw': 'Ngữ Văn, Lịch Sử, Địa lí', 'code': 'C00'}]","","",
"Quản lý văn hoá","7229042","15","[{'raw': 'Ngữ Văn, Lịch Sử, Địa lí', 'code': 'C00'}]","","",
"Sư phạm Toán học","7140209","20.45","[{'raw': 'Toán, Vật lí, Hóa Học', 'code': 'A00'}]","","",
"Sư phạm Ngữ văn","7140217","24.5","[{'raw': 'Ngữ Văn, Lịch Sử, Địa lí', 'code': 'C00'}]","","",
"Sư phạm Sinh học","7140213","19","[{'raw': 'Toán, Vật lí, Hóa Học', 'code': 'A00'}]","","",
"Sư phạm khoa học tự nhiên","7140247","19","[{'raw': 'Toán, Vật lí, Hóa Học', 'code': 'A00'}]","","",
