"Tên","Mã","Điểm đầu vào","Môn thi","Học phí","Ghi chú",
"Luật (Nữ - Phía Nam)","7380101|12A01","20.05","[{'raw': 'Toán, Vật lí, Tiếng Anh', 'code': 'A01'}]","","",
"Luật (Nam - Phía Nam)","7380101|22A00","20.1","[{'raw': 'Toán, Vật lí, Hóa Học', 'code': 'A00'}]","","",
"Luật (Nam - Phía Bắc)","7380101|21A01","23.28","[{'raw': 'Toán, Vật lí, Tiếng Anh', 'code': 'A01'}]","","",
"Luật (Nữ - Phía Nam)","7380101|12D01","21.25","[{'raw': 'Ngữ Văn, Toán, Tiếng Anh', 'code': 'D01'}]","","",
"Luật (Nữ - Phía Bắc)","7380101|11A01","23.14","[{'raw': 'Toán, Vật lí, Tiếng Anh', 'code': 'A01'}]","","",
"Luật (Nam - Phía Nam)","7380101|22C00","21.5","[{'raw': 'Ngữ Văn, Lịch Sử, Địa lí', 'code': 'C00'}]","","",
"Luật (Nam - Phía Bắc)","7380101|21D01","23.43","[{'raw': 'Ngữ Văn, Toán, Tiếng Anh', 'code': 'D01'}]","","",
"Luật (Nữ - Phía Nam)","7380101|12C00","25.33","[{'raw': 'Ngữ Văn, Lịch Sử, Địa lí', 'code': 'C00'}]","","",
"Luật (Nam - Phía Nam)","7380101|22A01","20.15","[{'raw': 'Toán, Vật lí, Tiếng Anh', 'code': 'A01'}]","","",
"Luật (Nam - Phía Bắc)","7380101|21C00","26.18","[{'raw': 'Ngữ Văn, Lịch Sử, Địa lí', 'code': 'C00'}]","","",
"Luật (Nữ - Phía Nam)","7380101|12A00","20.35","[{'raw': 'Toán, Vật lí, Hóa Học', 'code': 'A00'}]","","",
"Luật (Nữ - Phía Bắc)","7380101|11D01","25.6","[{'raw': 'Ngữ Văn, Toán, Tiếng Anh', 'code': 'D01'}]","","",
"Luật (Nam - Phía Bắc)","7380101|21A00","21.8","[{'raw': 'Toán, Vật lí, Hóa Học', 'code': 'A00'}]","","",
"Luật (Nữ - Phía Bắc)","7380101|11C00","27.15","[{'raw': 'Ngữ Văn, Lịch Sử, Địa lí', 'code': 'C00'}]","","",
"Luật (Nam - Phía Nam)","7380101|22D01","22.3","[{'raw': 'Ngữ Văn, Toán, Tiếng Anh', 'code': 'D01'}]","","",
"Luật (Nữ - Phía Bắc)","7380101|11A00","23.09","[{'raw': 'Toán, Vật lí, Hóa Học', 'code': 'A00'}]","","",
