"Tên","Mã","Điểm đầu vào","Môn thi","Học phí","Ghi chú",
"Công nghệ kỹ thuật ô tô","7510205","15","[{'raw': 'Toán, Vật lí, Hóa Học', 'code': 'A00'}]","","",
"Công nghệ kỹ thuật Môi trường","7510406","15","[{'raw': 'Toán, Vật lí, Hóa Học', 'code': 'A00'}]","","",
"Công nghệ thông tin","7480201","15","[{'raw': 'Toán, Vật lí, Hóa Học', 'code': 'A00'}]","","",
"Dược học","7720201","19","[{'raw': 'Toán, Vật lí, Hóa Học', 'code': 'A00'}]","","",
"Kế toán","7340301","15","[{'raw': 'Toán, Vật lí, Hóa Học', 'code': 'A00'}]","","",
"Kiến trúc","7580101","15","[{'raw': 'Toán, Vật lí, Vẽ Hình họa mỹ thuật', 'code': 'V00'}]","","",
"Kỹ thuật xét nghiệm y học","7720601","15","[{'raw': 'Toán, Vật lí, Hóa Học', 'code': 'A00'}]","","",
"Kỹ thuật xây dựng","7580201","15","[{'raw': 'Toán, Vật lí, Hóa Học', 'code': 'A00'}]","","",
"Luật kinh tế","7380107","15","[{'raw': 'Toán, Vật lí, Hóa Học', 'code': 'A00'}]","","",
"Ngôn ngữ Trung Quốc","7220204","15","[{'raw': 'Toán, Vật lí, Tiếng Anh', 'code': 'A01'}]","","",
"Ngôn ngữ Nhật","7220209","15","[{'raw': 'Toán, Vật lí, Tiếng Anh', 'code': 'A01'}]","","",
"Quản lý nhà nước","7310205","15","[{'raw': 'Toán, Vật lí, Hóa Học', 'code': 'A00'}]","","",
"Tài chính – Ngân hàng","7340201","15","[{'raw': 'Toán, Vật lí, Hóa Học', 'code': 'A00'}]","","",
"Thú y","7640101","15","[{'raw': 'Toán, Vật lí, Hóa Học', 'code': 'A00'}]","","",
"Thương mại điện tử","7340122","15","[{'raw': 'Toán, Vật lí, Hóa Học', 'code': 'A00'}]","","",
