"Tên","Mã","Điểm đầu vào","Môn thi","Học phí","Ghi chú",
"Hệ thống thông tin quản lý (Quản trị hệ thống thông tin kinh tế)","TM22","26","[{'raw': 'Toán, Vật lí, Hóa Học', 'code': 'A00'}, {'raw': 'Toán, Vật lí, Tiếng Anh', 'code': 'A01'}, {'raw': 'Ngữ Văn, Toán, Tiếng Anh', 'code': 'D01'}, {'raw': 'Toán, Hóa học, Tiếng Anh', 'code': 'D07'}]","","",
"Kế toán (Kế toán doanh nghiệp)","TM07","25.9","[{'raw': 'Toán, Vật lí, Hóa Học', 'code': 'A00'}, {'raw': 'Toán, Vật lí, Tiếng Anh', 'code': 'A01'}, {'raw': 'Ngữ Văn, Toán, Tiếng Anh', 'code': 'D01'}, {'raw': 'Toán, Hóa học, Tiếng Anh', 'code': 'D07'}]","","",
"Kế toán (Kế toán công)","TM09","25.8","[{'raw': 'Toán, Vật lí, Hóa Học', 'code': 'A00'}, {'raw': 'Toán, Vật lí, Tiếng Anh', 'code': 'A01'}, {'raw': 'Ngữ Văn, Toán, Tiếng Anh', 'code': 'D01'}, {'raw': 'Toán, Hóa học, Tiếng Anh', 'code': 'D07'}]","","",
"Kiểm toán (Kiểm toán)","TM10","26.2","[{'raw': 'Toán, Vật lí, Hóa Học', 'code': 'A00'}, {'raw': 'Toán, Vật lí, Tiếng Anh', 'code': 'A01'}, {'raw': 'Ngữ Văn, Toán, Tiếng Anh', 'code': 'D01'}, {'raw': 'Toán, Hóa học, Tiếng Anh', 'code': 'D07'}]","","",
"Kinh doanh quốc tế (Thương mại quốc tế)","TM11","27","[{'raw': 'Toán, Vật lí, Hóa Học', 'code': 'A00'}, {'raw': 'Toán, Vật lí, Tiếng Anh', 'code': 'A01'}, {'raw': 'Ngữ Văn, Toán, Tiếng Anh', 'code': 'D01'}, {'raw': 'Toán, Hóa học, Tiếng Anh', 'code': 'D07'}]","","",
"Kinh tế (Quản lý kinh tế)","TM13","25.7","[{'raw': 'Toán, Vật lí, Hóa Học', 'code': 'A00'}, {'raw': 'Toán, Vật lí, Tiếng Anh', 'code': 'A01'}, {'raw': 'Ngữ Văn, Toán, Tiếng Anh', 'code': 'D01'}, {'raw': 'Toán, Hóa học, Tiếng Anh', 'code': 'D07'}]","","",
"Kinh tế quốc tế (Kinh tế quốc tế)","TM12","26.7","[{'raw': 'Toán, Vật lí, Hóa Học', 'code': 'A00'}, {'raw': 'Toán, Vật lí, Tiếng Anh', 'code': 'A01'}, {'raw': 'Ngữ Văn, Toán, Tiếng Anh', 'code': 'D01'}, {'raw': 'Toán, Hóa học, Tiếng Anh', 'code': 'D07'}]","","",
"Kinh tế số &lpar;Phân tích kinh doanh trong môi trường số&rpar;","TM33","25.8","[{'raw': 'Toán, Vật lí, Hóa Học', 'code': 'A00'}, {'raw': 'Toán, Vật lí, Tiếng Anh', 'code': 'A01'}, {'raw': 'Ngữ Văn, Toán, Tiếng Anh', 'code': 'D01'}, {'raw': 'Toán, Hóa học, Tiếng Anh', 'code': 'D07'}]","","",
"Logistics và Quản lý chuỗi cung ứng (Logistics và Quản lý chuỗi cung ứng)","TM06","26.8","[{'raw': 'Toán, Vật lí, Hóa Học', 'code': 'A00'}, {'raw': 'Toán, Vật lí, Tiếng Anh', 'code': 'A01'}, {'raw': 'Ngữ Văn, Toán, Tiếng Anh', 'code': 'D01'}, {'raw': 'Toán, Hóa học, Tiếng Anh', 'code': 'D07'}]","","",
"Luật kinh tế (Luật kinh tế)","TM19","25.7","[{'raw': 'Toán, Vật lí, Hóa Học', 'code': 'A00'}, {'raw': 'Toán, Vật lí, Tiếng Anh', 'code': 'A01'}, {'raw': 'Ngữ Văn, Toán, Tiếng Anh', 'code': 'D01'}, {'raw': 'Toán, Hóa học, Tiếng Anh', 'code': 'D07'}]","","",
"Luật kinh tế (Luật thương mại quốc tế)","TM29","25.6","[{'raw': 'Toán, Vật lí, Hóa Học', 'code': 'A00'}, {'raw': 'Toán, Vật lí, Tiếng Anh', 'code': 'A01'}, {'raw': 'Ngữ Văn, Toán, Tiếng Anh', 'code': 'D01'}, {'raw': 'Toán, Hóa học, Tiếng Anh', 'code': 'D07'}]","","",
"Marketing (Marketing số)","TM28","27","[{'raw': 'Toán, Vật lí, Hóa Học', 'code': 'A00'}, {'raw': 'Toán, Vật lí, Tiếng Anh', 'code': 'A01'}, {'raw': 'Ngữ Văn, Toán, Tiếng Anh', 'code': 'D01'}, {'raw': 'Toán, Hóa học, Tiếng Anh', 'code': 'D07'}]","","",
"Marketing (Quản trị thương hiệu)","TM05","26.8","[{'raw': 'Toán, Vật lí, Hóa Học', 'code': 'A00'}, {'raw': 'Toán, Vật lí, Tiếng Anh', 'code': 'A01'}, {'raw': 'Ngữ Văn, Toán, Tiếng Anh', 'code': 'D01'}, {'raw': 'Toán, Hóa học, Tiếng Anh', 'code': 'D07'}]","","",
"Marketing (Marketing thương mại)","TM04","27","[{'raw': 'Toán, Vật lí, Hóa Học', 'code': 'A00'}, {'raw': 'Toán, Vật lí, Tiếng Anh', 'code': 'A01'}, {'raw': 'Ngữ Văn, Toán, Tiếng Anh', 'code': 'D01'}, {'raw': 'Toán, Hóa học, Tiếng Anh', 'code': 'D07'}]","","",
"Ngôn ngữ Anh (Tiếng Anh Thương mại)","TM18","25.8","[{'raw': 'Toán, Vật lí, Tiếng Anh', 'code': 'A01'}, {'raw': 'Ngữ Văn, Toán, Tiếng Anh', 'code': 'D01'}, {'raw': 'Toán, Hóa học, Tiếng Anh', 'code': 'D07'}]","","",
"Quản trị dịch vụ du lịch và lữ hành (Quản trị dịch vụ du lịch và lữ hành)","TM03","26.3","[{'raw': 'Toán, Vật lí, Hóa Học', 'code': 'A00'}, {'raw': 'Toán, Vật lí, Tiếng Anh', 'code': 'A01'}, {'raw': 'Ngữ Văn, Toán, Tiếng Anh', 'code': 'D01'}, {'raw': 'Toán, Hóa học, Tiếng Anh', 'code': 'D07'}]","","",
"Quản trị khách sạn","TM31","24.5","[{'raw': 'Toán, Vật lí, Hóa Học', 'code': 'A00'}, {'raw': 'Toán, Vật lí, Tiếng Anh', 'code': 'A01'}, {'raw': 'Ngữ Văn, Toán, Tiếng Anh', 'code': 'D01'}, {'raw': 'Toán, Hóa học, Tiếng Anh', 'code': 'D07'}]","","",
"Quản trị kinh doanh (Tiếng Trung thương mại)","TM21","26.9","[{'raw': 'Toán, Vật lí, Hóa Học', 'code': 'A00'}, {'raw': 'Toán, Vật lí, Tiếng Anh', 'code': 'A01'}, {'raw': 'Ngữ Văn, Toán, Tiếng Anh', 'code': 'D01'}, {'raw': 'Ngữ văn, Toán, Tiếng Trung', 'code': 'D04'}]","","",
"Quản trị kinh doanh (Tiếng Pháp thương mại)","TM20","24.5","[{'raw': 'Toán, Vật lí, Hóa Học', 'code': 'A00'}, {'raw': 'Toán, Vật lí, Tiếng Anh', 'code': 'A01'}, {'raw': 'Ngữ Văn, Toán, Tiếng Anh', 'code': 'D01'}, {'raw': 'Ngữ văn, Toán, Tiếng Pháp', 'code': 'D03'}]","","",
"Quản trị kinh doanh (Quản trị kinh doanh)","TM01","26.5","[{'raw': 'Toán, Vật lí, Hóa Học', 'code': 'A00'}, {'raw': 'Toán, Vật lí, Tiếng Anh', 'code': 'A01'}, {'raw': 'Ngữ Văn, Toán, Tiếng Anh', 'code': 'D01'}, {'raw': 'Toán, Hóa học, Tiếng Anh', 'code': 'D07'}]","","",
"Quản trị nhân lực (Quản trị nhân lực doanh nghiệp)","TM23","25.9","[{'raw': 'Toán, Vật lí, Hóa Học', 'code': 'A00'}, {'raw': 'Toán, Vật lí, Tiếng Anh', 'code': 'A01'}, {'raw': 'Ngữ Văn, Toán, Tiếng Anh', 'code': 'D01'}, {'raw': 'Toán, Hóa học, Tiếng Anh', 'code': 'D07'}]","","",
"Quản trị DV du lịch và lữ hành","TM32","25.6","[{'raw': 'Toán, Vật lí, Hóa Học', 'code': 'A00'}, {'raw': 'Toán, Vật lí, Tiếng Anh', 'code': 'A01'}, {'raw': 'Ngữ Văn, Toán, Tiếng Anh', 'code': 'D01'}, {'raw': 'Toán, Hóa học, Tiếng Anh', 'code': 'D07'}]","","",
"Tài chính - Ngân hàng (Tài chính công)","TM16","25.7","[{'raw': 'Toán, Vật lí, Hóa Học', 'code': 'A00'}, {'raw': 'Toán, Vật lí, Tiếng Anh', 'code': 'A01'}, {'raw': 'Ngữ Văn, Toán, Tiếng Anh', 'code': 'D01'}, {'raw': 'Toán, Hóa học, Tiếng Anh', 'code': 'D07'}]","","",
"Tài chính - Ngân hàng (Tài chính – Ngân hàng thương mại)","TM14","25.9","[{'raw': 'Toán, Vật lí, Hóa Học', 'code': 'A00'}, {'raw': 'Toán, Vật lí, Tiếng Anh', 'code': 'A01'}, {'raw': 'Ngữ Văn, Toán, Tiếng Anh', 'code': 'D01'}, {'raw': 'Toán, Hóa học, Tiếng Anh', 'code': 'D07'}]","","",
"Thương mại điện tử (Quản trị Thương mại điện tử)","TM17","26.7","[{'raw': 'Toán, Vật lí, Hóa Học', 'code': 'A00'}, {'raw': 'Toán, Vật lí, Tiếng Anh', 'code': 'A01'}, {'raw': 'Ngữ Văn, Toán, Tiếng Anh', 'code': 'D01'}, {'raw': 'Toán, Hóa học, Tiếng Anh', 'code': 'D07'}]","","",
