"Tên","Mã","Điểm đầu vào","Môn thi","Học phí","Ghi chú",
"Báo chí","7320101","17.5","[{'raw': 'Ngữ Văn, Lịch Sử, Địa lí', 'code': 'C00'}, {'raw': 'Ngữ Văn, Toán, Tiếng Anh', 'code': 'D01'}, {'raw': 'Ngữ văn, Địa lí, Tiếng Anh', 'code': 'D15'}]","","",
"Công tác xã hội","7760101","15.5","[{'raw': 'Ngữ Văn, Lịch Sử, Địa lí', 'code': 'C00'}, {'raw': 'Ngữ văn, Lịch sử, Giáo dục công dân', 'code': 'C19'}, {'raw': 'Ngữ Văn, Toán, Tiếng Anh', 'code': 'D01'}, {'raw': 'Ngữ văn, Lịch sử, Tiếng Anh', 'code': 'D14'}]","","",
"Công nghệ sinh học","7420201","16","[{'raw': 'Toán, Vật lí, Hóa Học', 'code': 'A00'}, {'raw': 'Toán, Hóa Học, Sinh Học', 'code': 'B00'}, {'raw': 'Ngữ Văn, Toán, Tiếng Anh', 'code': 'D01'}, {'raw': 'Toán, Sinh học, Tiếng Anh', 'code': 'D08'}]","","",
"Công nghệ thông tin","7480201","17.5","[{'raw': 'Toán, Vật lí, Hóa Học', 'code': 'A00'}, {'raw': 'Toán, Vật lí, Tiếng Anh', 'code': 'A01'}, {'raw': 'Ngữ Văn, Toán, Tiếng Anh', 'code': 'D01'}, {'raw': 'Toán, Hóa học, Tiếng Anh', 'code': 'D07'}]","","",
"Công nghệ kỹ thuật hoá học","7510401","15.5","[{'raw': 'Toán, Vật lí, Hóa Học', 'code': 'A00'}, {'raw': 'Toán, Hóa Học, Sinh Học', 'code': 'B00'}, {'raw': 'Ngữ Văn, Toán, Tiếng Anh', 'code': 'D01'}, {'raw': 'Toán, Hóa học, Tiếng Anh', 'code': 'D07'}]","","",
"Điện tử - viễn thông","7510302","16","[{'raw': 'Toán, Vật lí, Hóa Học', 'code': 'A00'}, {'raw': 'Toán, Vật lí, Tiếng Anh', 'code': 'A01'}, {'raw': 'Ngữ Văn, Toán, Tiếng Anh', 'code': 'D01'}, {'raw': 'Toán, Hóa học, Tiếng Anh', 'code': 'D07'}]","","",
"Đông phương học","7310608","16","[{'raw': 'Ngữ Văn, Lịch Sử, Địa lí', 'code': 'C00'}, {'raw': 'Ngữ văn, Lịch sử, Giáo dục công dân', 'code': 'C19'}, {'raw': 'Ngữ Văn, Toán, Tiếng Anh', 'code': 'D01'}, {'raw': 'Ngữ văn, Lịch sử, Tiếng Anh', 'code': 'D14'}]","","",
"Du lịch sinh thái","7850104","15","[{'raw': 'Toán, Vật lí, Hóa Học', 'code': 'A00'}, {'raw': 'Toán, Hóa Học, Sinh Học', 'code': 'B00'}, {'raw': 'Toán, Hóa học, Tiếng Anh', 'code': 'D07'}, {'raw': 'Ngữ văn, Địa lí, Tiếng Anh', 'code': 'D15'}]","","",
"Hán - Nôm","7220104","15.5","[{'raw': 'Ngữ Văn, Lịch Sử, Địa lí', 'code': 'C00'}, {'raw': 'Ngữ văn, Lịch sử, Giáo dục công dân', 'code': 'C19'}, {'raw': 'Ngữ văn, Lịch sử, Tiếng Anh', 'code': 'D14'}]","","",
"Hóa học","7440112","15.5","[{'raw': 'Toán, Vật lí, Hóa Học', 'code': 'A00'}, {'raw': 'Toán, Hóa Học, Sinh Học', 'code': 'B00'}, {'raw': 'Ngữ Văn, Toán, Tiếng Anh', 'code': 'D01'}, {'raw': 'Toán, Hóa học, Tiếng Anh', 'code': 'D07'}]","","",
"Khoa học môi trường","7440301","15","[{'raw': 'Toán, Vật lí, Hóa Học', 'code': 'A00'}, {'raw': 'Toán, Hóa Học, Sinh Học', 'code': 'B00'}, {'raw': 'Toán, Hóa học, Tiếng Anh', 'code': 'D07'}, {'raw': 'Ngữ văn, Địa lí, Tiếng Anh', 'code': 'D15'}]","","",
"Kiến trúc","7580101","16.5","[{'raw': 'Toán, Vật lí, Vẽ Hình họa mỹ thuật', 'code': 'V00'}, {'raw': 'Toán, Ngữ văn, Vẽ Hình họa mỹ thuật', 'code': 'V01'}, {'raw': 'VẼ MT, Toán, Tiếng Anh', 'code': 'V02'}]","","",
"Kỹ thuật phần mềm","7480103","16.5","[{'raw': 'Toán, Vật lí, Hóa Học', 'code': 'A00'}, {'raw': 'Toán, Vật lí, Tiếng Anh', 'code': 'A01'}, {'raw': 'Ngữ Văn, Toán, Tiếng Anh', 'code': 'D01'}, {'raw': 'Toán, Hóa học, Tiếng Anh', 'code': 'D07'}]","","",
"Kỹ thuật cơ sở hạ tầng","7580211","15.5","[{'raw': 'Toán, Vật lí, Hóa Học', 'code': 'A00'}, {'raw': 'Toán, Hóa Học, Sinh Học', 'code': 'B00'}, {'raw': 'Ngữ Văn, Toán, Tiếng Anh', 'code': 'D01'}, {'raw': 'Toán, Địa lí, Tiếng Anh', 'code': 'D10'}]","","",
"Kỹ thuật trắc địa – bản đồ","7520503","15.5","[{'raw': 'Toán, Vật lí, Hóa Học', 'code': 'A00'}, {'raw': 'Toán, Hóa Học, Sinh Học', 'code': 'B00'}, {'raw': 'Ngữ Văn, Toán, Tiếng Anh', 'code': 'D01'}, {'raw': 'Toán, Địa lí, Tiếng Anh', 'code': 'D10'}]","","",
"Lịch sử","7229010","16","[{'raw': 'Ngữ Văn, Lịch Sử, Địa lí', 'code': 'C00'}, {'raw': 'Ngữ văn, Lịch sử, Giáo dục công dân', 'code': 'C19'}, {'raw': 'Ngữ Văn, Toán, Tiếng Anh', 'code': 'D01'}, {'raw': 'Ngữ văn, Lịch sử, Tiếng Anh', 'code': 'D14'}]","","",
"Quản lý nhà nước","7310205","15.5","[{'raw': 'Ngữ văn, Toán, Giáo dục công dân', 'code': 'C14'}, {'raw': 'Ngữ văn, Lịch sử, Giáo dục công dân', 'code': 'C19'}, {'raw': 'Ngữ Văn, Toán, Tiếng Anh', 'code': 'D01'}, {'raw': 'Ngữ văn, Giáo dục công dân, Tiếng Anh', 'code': 'D66'}]","","",
"Quản lý tài nguyên và môi trường","7850101","15.5","[{'raw': 'Toán, Hóa Học, Sinh Học', 'code': 'B00'}, {'raw': 'Ngữ văn, Toán, Địa lí', 'code': 'C04'}, {'raw': 'Ngữ Văn, Toán, Tiếng Anh', 'code': 'D01'}, {'raw': 'Toán, Địa lí, Tiếng Anh', 'code': 'D10'}]","","",
"Quản trị và phân tích dữ liệu","7480107 &lpar;trước 2023&rpar;","16","[{'raw': 'Toán, Vật lí, Hóa Học', 'code': 'A00'}, {'raw': 'Toán, Vật lí, Tiếng Anh', 'code': 'A01'}, {'raw': 'Ngữ Văn, Toán, Tiếng Anh', 'code': 'D01'}]","","",
"Triết học","7229001","15.5","[{'raw': 'Toán, Vật lí, Hóa Học', 'code': 'A00'}, {'raw': 'Ngữ văn, Lịch sử, Giáo dục công dân', 'code': 'C19'}, {'raw': 'Ngữ Văn, Toán, Tiếng Anh', 'code': 'D01'}, {'raw': 'Ngữ văn, Giáo dục công dân, Tiếng Anh', 'code': 'D66'}]","","",
"Truyền thông số","7320111","16.5","[{'raw': 'Ngữ Văn, Lịch Sử, Địa lí', 'code': 'C00'}, {'raw': 'Ngữ Văn, Toán, Tiếng Anh', 'code': 'D01'}, {'raw': 'Ngữ văn, Địa lí, Tiếng Anh', 'code': 'D15'}]","","",
"Văn học","7229030","15.5","[{'raw': 'Ngữ Văn, Lịch Sử, Địa lí', 'code': 'C00'}, {'raw': 'Ngữ văn, Lịch sử, Giáo dục công dân', 'code': 'C19'}, {'raw': 'Ngữ văn, Lịch sử, Tiếng Anh', 'code': 'D14'}]","","",
"Xã hội học","7310301","15.5","[{'raw': 'Ngữ Văn, Lịch Sử, Địa lí', 'code': 'C00'}, {'raw': 'Ngữ văn, Lịch sử, Giáo dục công dân', 'code': 'C19'}, {'raw': 'Ngữ Văn, Toán, Tiếng Anh', 'code': 'D01'}, {'raw': 'Ngữ văn, Lịch sử, Tiếng Anh', 'code': 'D14'}]","","",
