"Tên","Mã","Điểm đầu vào","Môn thi","Học phí","Ghi chú",
"Báo chí","7320101","24.77","[{'raw': 'Ngữ Văn, Lịch Sử, Địa lí', 'code': 'C00'}, {'raw': 'Ngữ văn, Toán, Giáo dục công dân', 'code': 'C14'}, {'raw': 'Ngữ văn, Địa lí, Tiếng Anh', 'code': 'D15'}, {'raw': 'Ngữ văn, Giáo dục công dân, Tiếng Anh', 'code': 'D66'}]","","",
"Công nghệ sinh học","7420201","16.85","[{'raw': 'Toán, Vật lí, Tiếng Anh', 'code': 'A01'}, {'raw': 'Toán, Hóa Học, Sinh Học', 'code': 'B00'}, {'raw': 'Toán, Sinh học, Ngữ văn', 'code': 'B03'}, {'raw': 'Toán, Sinh học, Tiếng Anh', 'code': 'B08'}]","","",
"Công nghệ thông tin","7480201","21.15","[{'raw': 'Toán, Vật lí, Hóa Học', 'code': 'A00'}, {'raw': 'Toán, Vật lí, Tiếng Anh', 'code': 'A01'}]","","",
"Công tác xã hội","7760101","21.75","[{'raw': 'Ngữ Văn, Lịch Sử, Địa lí', 'code': 'C00'}, {'raw': 'Ngữ văn, Lịch sử, Giáo dục công dân', 'code': 'C19'}, {'raw': 'Ngữ văn, Địa lí, Giáo dục công dân', 'code': 'C20'}, {'raw': 'Ngữ Văn, Toán, Tiếng Anh', 'code': 'D01'}]","","",
"Địa lý học","7310501","29.5","[{'raw': 'Ngữ Văn, Lịch Sử, Địa lí', 'code': 'C00'}, {'raw': 'Ngữ văn, Địa lí, Tiếng Anh', 'code': 'D15'}]","","",
"Giáo dục Thể chất","7140206","20.63","[{'raw': 'Toán, Sinh học, Năng khiếu TDTT', 'code': 'T00'}, {'raw': 'Ngữ văn, Sinh, Năng khiếu TDTT', 'code': 'T02'}, {'raw': 'Ngữ văn, Địa, Năng khiếu TDTT', 'code': 'T03'}, {'raw': 'Ngữ văn, Giáo dục công dân, Năng kiếu', 'code': 'T05'}]","","",
"Giáo dục Tiểu học","7140202","25.02","[{'raw': 'Toán, Vật lí, Hóa Học', 'code': 'A00'}, {'raw': 'Toán, Hóa Học, Sinh Học', 'code': 'B00'}, {'raw': 'Ngữ Văn, Lịch Sử, Địa lí', 'code': 'C00'}, {'raw': 'Ngữ Văn, Toán, Tiếng Anh', 'code': 'D01'}]","","",
"Giáo dục Mầm non","7140201","20","[{'raw': 'Ngữ văn, Lịch sử, Năng khiếu', 'code': 'M01'}, {'raw': 'Toán, NK Mầm non 1( kể chuyện, đọc, diễn cảm), NK Mầm non 2 (Hát)', 'code': 'M09'}]","","",
"Giáo dục Chính trị","7140205","25.8","[{'raw': 'Ngữ Văn, Lịch Sử, Địa lí', 'code': 'C00'}, {'raw': 'Ngữ văn, Lịch sử, Giáo dục công dân', 'code': 'C19'}, {'raw': 'Ngữ văn, Địa lí, Giáo dục công dân', 'code': 'C20'}, {'raw': 'Ngữ văn, Giáo dục công dân, Tiếng Anh', 'code': 'D66'}]","","",
"Giáo dục Công dân","7140204","25.33","[{'raw': 'Ngữ Văn, Lịch Sử, Địa lí', 'code': 'C00'}, {'raw': 'Ngữ văn, Lịch sử, Giáo dục công dân', 'code': 'C19'}, {'raw': 'Ngữ văn, Địa lí, Giáo dục công dân', 'code': 'C20'}, {'raw': 'Ngữ văn, Giáo dục công dân, Tiếng Anh', 'code': 'D66'}]","","",
"Hóa học","7440112","17.8","[{'raw': 'Toán, Vật lí, Hóa Học', 'code': 'A00'}, {'raw': 'Toán, Hóa Học, Sinh Học', 'code': 'B00'}, {'raw': 'Toán, Hóa học, Tiếng Anh', 'code': 'D07'}]","","",
"Lịch sử","7229010","22.25","[{'raw': 'Ngữ Văn, Lịch Sử, Địa lí', 'code': 'C00'}, {'raw': 'Ngữ văn, Lịch sử, Giáo dục công dân', 'code': 'C19'}, {'raw': 'Ngữ văn, Lịch sử, Tiếng Anh', 'code': 'D14'}]","","",
"Quản lý tài nguyên và môi trường","7850101","15.9","[{'raw': 'Toán, Vật lí, Tiếng Anh', 'code': 'A01'}, {'raw': 'Toán, Hóa Học, Sinh Học', 'code': 'B00'}, {'raw': 'Toán, Sinh học, Ngữ văn', 'code': 'B03'}, {'raw': 'Toán, Sinh học, Tiếng Anh', 'code': 'B08'}]","","",
"Sư phạm Lịch sử","7140218","27.58","[{'raw': 'Ngữ Văn, Lịch Sử, Địa lí', 'code': 'C00'}, {'raw': 'Ngữ văn, Lịch sử, Giáo dục công dân', 'code': 'C19'}]","","",
"Sư phạm Tin học (Chuyên ngành Tin học – Công nghệ Tiểu học)","7140210","21.4","[{'raw': 'Toán, Vật lí, Hóa Học', 'code': 'A00'}, {'raw': 'Toán, Vật lí, Tiếng Anh', 'code': 'A01'}]","","",
"Sư phạm Âm nhạc","7140221","22.2","[{'raw': 'Ngữ văn, Năng khiếu Âm nhạc 1, Năng khiếu Âm nhạc 2', 'code': 'N00'}, {'raw': 'Ngữ văn, xướng âm, biểu diễn nghệ thuật', 'code': 'N01'}]","","",
"Sư phạm Lịch sử - Địa lý","7140249","25.8","[{'raw': 'Ngữ Văn, Lịch Sử, Địa lí', 'code': 'C00'}, {'raw': 'Ngữ văn, Lịch sử, Giáo dục công dân', 'code': 'C19'}, {'raw': 'Ngữ văn, Địa lí, Giáo dục công dân', 'code': 'C20'}, {'raw': 'Ngữ văn, Khoa học xã hội, Tiếng Anh', 'code': 'D78'}]","","",
"Sư phạm Hóa học","7140212","25.02","[{'raw': 'Toán, Vật lí, Hóa Học', 'code': 'A00'}, {'raw': 'Toán, Hóa Học, Sinh Học', 'code': 'B00'}, {'raw': 'Toán, Hóa học, Tiếng Anh', 'code': 'D07'}]","","",
"Sư phạm Địa lý","7140219","24.63","[{'raw': 'Ngữ Văn, Lịch Sử, Địa lí', 'code': 'C00'}, {'raw': 'Ngữ văn, Địa lí, Tiếng Anh', 'code': 'D15'}]","","",
"Sư phạm Vật lý","7140211","24.7","[{'raw': 'Toán, Vật lí, Hóa Học', 'code': 'A00'}, {'raw': 'Toán, Vật lí, Tiếng Anh', 'code': 'A01'}, {'raw': 'Toán, Vật lí, Sinh học', 'code': 'A02'}]","","",
"Sư phạm Toán học","7140209","24.96","[{'raw': 'Toán, Vật lí, Hóa Học', 'code': 'A00'}, {'raw': 'Toán, Vật lí, Tiếng Anh', 'code': 'A01'}]","","",
"Sư phạm Ngữ văn","7140217","25.92","[{'raw': 'Ngữ Văn, Lịch Sử, Địa lí', 'code': 'C00'}, {'raw': 'Ngữ văn, Toán, Giáo dục công dân', 'code': 'C14'}, {'raw': 'Ngữ văn, Giáo dục công dân, Tiếng Anh', 'code': 'D66'}]","","",
"Sư phạm khoa học tự nhiên","7140247","23.5","[{'raw': 'Toán, Vật lí, Hóa Học', 'code': 'A00'}, {'raw': 'Toán, Vật lí, Sinh học', 'code': 'A02'}, {'raw': 'Toán, Hóa Học, Sinh Học', 'code': 'B00'}, {'raw': 'Toán, Khoa học tự nhiên, Tiếng Anh', 'code': 'D90'}]","","",
"Sư phạm Tin học và Công nghệ Tiểu học","7140250","22.3","[{'raw': 'Toán, Vật lí, Hóa Học', 'code': 'A00'}, {'raw': 'Toán, Hóa Học, Sinh Học', 'code': 'B00'}, {'raw': 'Ngữ Văn, Lịch Sử, Địa lí', 'code': 'C00'}, {'raw': 'Ngữ Văn, Toán, Tiếng Anh', 'code': 'D01'}]","","",
"Sư phạm Sinh học","7140213","22.35","[{'raw': 'Toán, Hóa Học, Sinh Học', 'code': 'B00'}, {'raw': 'Toán, Sinh học, Ngữ văn', 'code': 'B03'}, {'raw': 'Toán, Sinh học, Tiếng Anh', 'code': 'B08'}]","","",
"Tâm lý học","7310401","23","[{'raw': 'Toán, Hóa Học, Sinh Học', 'code': 'B00'}, {'raw': 'Ngữ Văn, Lịch Sử, Địa lí', 'code': 'C00'}, {'raw': 'Ngữ Văn, Toán, Tiếng Anh', 'code': 'D01'}, {'raw': 'Ngữ văn, Giáo dục công dân, Tiếng Anh', 'code': 'D66'}]","","",
"Văn học","7229030","23.34","[{'raw': 'Ngữ Văn, Lịch Sử, Địa lí', 'code': 'C00'}, {'raw': 'Ngữ văn, Toán, Giáo dục công dân', 'code': 'C14'}, {'raw': 'Ngữ văn, Địa lí, Tiếng Anh', 'code': 'D15'}, {'raw': 'Ngữ văn, Giáo dục công dân, Tiếng Anh', 'code': 'D66'}]","","",
"Văn hoá học","7229040","21.35","[{'raw': 'Ngữ Văn, Lịch Sử, Địa lí', 'code': 'C00'}, {'raw': 'Ngữ văn, Toán, Giáo dục công dân', 'code': 'C14'}, {'raw': 'Ngữ văn, Địa lí, Tiếng Anh', 'code': 'D15'}, {'raw': 'Ngữ văn, Giáo dục công dân, Tiếng Anh', 'code': 'D66'}]","","",
"Vật lý kỹ thuật","7520401","15.35","[{'raw': 'Toán, Vật lí, Hóa Học', 'code': 'A00'}, {'raw': 'Toán, Vật lí, Tiếng Anh', 'code': 'A01'}, {'raw': 'Toán, Vật lí, Sinh học', 'code': 'A02'}]","","",
"Việt Nam học","7310630D","20.5","[{'raw': 'Ngữ Văn, Lịch Sử, Địa lí', 'code': 'C00'}, {'raw': 'Ngữ văn, Lịch sử, Tiếng Anh', 'code': 'D14'}, {'raw': 'Ngữ văn, Địa lí, Tiếng Anh', 'code': 'D15'}]","","",
