"Tên","Mã","Điểm đầu vào","Môn thi","Học phí","Ghi chú",
"Điều dưỡng","7720301","19","[{'raw': 'Toán, Vật lí, Hóa Học', 'code': 'A00'}]","","",
"Kỹ thuật xét nghiệm y học","7720601","19","[{'raw': 'Toán, Vật lí, Hóa Học', 'code': 'A00'}]","","",
"Quản trị doanh nghiệp","7340101","15","[{'raw': 'Toán, Vật lí, Hóa Học', 'code': 'A00'}]","","",
"Răng- Hàm -Mặt","7720501","22.5","[{'raw': 'Toán, Vật lí, Hóa Học', 'code': 'A00'}]","","",
"Y khoa","7720101","22.5","[{'raw': 'Toán, Vật lí, Hóa Học', 'code': 'A00'}]","","",
