"Tên","Mã","Điểm đầu vào","Môn thi","Học phí","Ghi chú",
"Điều dưỡng","7720301","23.2","[{'raw': 'Toán, Hóa Học, Sinh Học', 'code': 'B00'}]","","",
"Dược học","7720201","24.7","[{'raw': 'Toán, Hóa Học, Sinh Học', 'code': 'B00'}]","","",
"Hộ sinh","7720302","22.25","[{'raw': 'Toán, Hóa Học, Sinh Học', 'code': 'B00'}]","","",
"Kỹ thuật hình ảnh y học","7720602","23.5","[{'raw': 'Toán, Hóa Học, Sinh Học', 'code': 'B00'}]","","",
"Kỹ thuật xét nghiệm y học","7720601","24.05","[{'raw': 'Toán, Hóa Học, Sinh Học', 'code': 'B00'}]","","",
"Răng- Hàm -Mặt","7720501","25.4","[{'raw': 'Toán, Hóa Học, Sinh Học', 'code': 'B00'}]","","",
"Y khoa","7720101","25.52","[{'raw': 'Toán, Hóa Học, Sinh Học', 'code': 'B00'}]","","",
"Y tế công cộng","7720701","20","[{'raw': 'Toán, Hóa Học, Sinh Học', 'code': 'B00'}]","","",
"Y học cổ truyền","7720115","23.9","[{'raw': 'Toán, Hóa Học, Sinh Học', 'code': 'B00'}]","","",
"Y học dự phòng","7720110","22.35","[{'raw': 'Toán, Hóa Học, Sinh Học', 'code': 'B00'}]","","",
