"Tên","Mã","Điểm đầu vào","Môn thi","Học phí","Ghi chú",
"Bảo dưỡng Công nghiệp","141","57.33","[{'raw': 'Toán, Vật lí, Hóa Học', 'code': 'A00'}, {'raw': 'Toán, Vật lí, Tiếng Anh', 'code': 'A01'}]","","",
"Cơ Kỹ thuật - CLC Tăng cường Tiếng Nhật","268","59.77","[{'raw': 'Toán, Vật lí, Hóa Học', 'code': 'A00'}, {'raw': 'Toán, Vật lí, Tiếng Anh', 'code': 'A01'}]","","",
"Cơ Kỹ thuật","138","60.65","[{'raw': 'Toán, Vật lí, Hóa Học', 'code': 'A00'}, {'raw': 'Toán, Vật lí, Tiếng Anh', 'code': 'A01'}]","","",
"Công nghệ sinh học","218","63.05","[{'raw': 'Toán, Vật lí, Hóa Học', 'code': 'A00'}, {'raw': 'Toán, Hóa Học, Sinh Học', 'code': 'B00'}, {'raw': 'Toán, Sinh học, Tiếng Anh', 'code': 'B08'}, {'raw': 'Toán, Hóa học, Tiếng Anh', 'code': 'D07'}]","","",
"Công nghệ Thực phẩm (CT Chất lượng cao, giảng dạy bằng tiếng Anh, học phí tương ứng)","219","61.12","[{'raw': 'Toán, Vật lí, Hóa Học', 'code': 'A00'}, {'raw': 'Toán, Hóa Học, Sinh Học', 'code': 'B00'}, {'raw': 'Toán, Hóa học, Tiếng Anh', 'code': 'D07'}]","","",
"Khoa học Máy tính (CT Chất lượng cao, giảng dạy bằng tiếng Anh, học phí tương ứng)","206","75.63","[{'raw': 'Toán, Vật lí, Hóa Học', 'code': 'A00'}, {'raw': 'Toán, Vật lí, Tiếng Anh', 'code': 'A01'}]","","",
"Khoa học Máy tính - (CLC tăng cường tiếng Nhật) (CT Chất lượng cao, tiên tiến)","266","66.76","[{'raw': 'Toán, Vật lí, Hóa Học', 'code': 'A00'}, {'raw': 'Toán, Vật lí, Tiếng Anh', 'code': 'A01'}]","","",
"Khoa học Máy tính; Kỹ thuật Máy tính; (Nhóm ngành)","106","79.84","[{'raw': 'Toán, Vật lí, Hóa Học', 'code': 'A00'}, {'raw': 'Toán, Vật lí, Tiếng Anh', 'code': 'A01'}]","","",
"Kĩ thuật vật liệu (chuyên ngành Kỹ thuật Vật liệu công nghệ cao)","229","55.36","[{'raw': 'Toán, Vật lí, Hóa Học', 'code': 'A00'}, {'raw': 'Toán, Vật lí, Tiếng Anh', 'code': 'A01'}, {'raw': 'Toán, Hóa học, Tiếng Anh', 'code': 'D07'}]","","",
"Kiến trúc (Kiến Trúc Cảnh Quan)","217","59.36","[{'raw': 'Toán, Vật lí, Hóa Học', 'code': 'A00'}, {'raw': 'Toán, Vật lí, Tiếng Anh', 'code': 'A01'}]","","",
"Kiến trúc","117","59.36","[{'raw': 'Toán, Vật lí, Tiếng Anh', 'code': 'A01'}, {'raw': 'Ngữ văn, Toán, Vật lí', 'code': 'C01'}]","","",
"Kỹ thuật Máy tính (CT Chất lượng cao, giảng dạy bằng tiếng Anh, học phí tương ứng)","207","61.39","[{'raw': 'Toán, Vật lí, Hóa Học', 'code': 'A00'}, {'raw': 'Toán, Vật lí, Tiếng Anh', 'code': 'A01'}]","","",
"Kỹ thuật Cơ điện tử (CT Chất lượng cao, giảng dạy bằng tiếng Anh, học phí tương ứng)","210","62.28","[{'raw': 'Toán, Vật lí, Hóa Học', 'code': 'A00'}, {'raw': 'Toán, Vật lí, Tiếng Anh', 'code': 'A01'}]","","",
"Kỹ thuật Nhiệt (Nhiệt lạnh)","140","60.46","[{'raw': 'Toán, Vật lí, Hóa Học', 'code': 'A00'}, {'raw': 'Toán, Vật lí, Tiếng Anh', 'code': 'A01'}]","","",
"Kỹ thuật Địa chất; Kỹ thuật Dầu khí; (Nhóm ngành)","120","58.02","[{'raw': 'Toán, Vật lí, Hóa Học', 'code': 'A00'}, {'raw': 'Toán, Vật lí, Tiếng Anh', 'code': 'A01'}]","","",
"Kỹ thuật Cơ điện tử","110","71.81","[{'raw': 'Toán, Vật lí, Hóa Học', 'code': 'A00'}, {'raw': 'Toán, Vật lí, Tiếng Anh', 'code': 'A01'}]","","",
"Kỹ thuật Điện; Kỹ thuật Điện tử - Viễn thông; Kỹ thuật Điều khiển và tự động hóa; (Nhóm ngành)","108","66.59","[{'raw': 'Toán, Vật lí, Hóa Học', 'code': 'A00'}, {'raw': 'Toán, Vật lí, Tiếng Anh', 'code': 'A01'}]","","",
"Kỹ thuật Dầu khí (CT Chất lượng cao, giảng dạy bằng tiếng Anh, học phí tương ứng)","220","58.02","[{'raw': 'Toán, Vật lí, Hóa Học', 'code': 'A00'}, {'raw': 'Toán, Vật lí, Tiếng Anh', 'code': 'A01'}]","","",
"Kỹ thuật Hóa học (CT Chất lượng cao, giảng dạy bằng tiếng Anh, học phí tương ứng)","214","60.93","[{'raw': 'Toán, Vật lí, Hóa Học', 'code': 'A00'}, {'raw': 'Toán, Hóa Học, Sinh Học', 'code': 'B00'}, {'raw': 'Toán, Hóa học, Tiếng Anh', 'code': 'D07'}]","","",
"Kỹ thuật Môi trường; Quản lý Tài nguyên và Môi trường; (Nhóm ngành)","125","54","[{'raw': 'Toán, Vật lí, Hóa Học', 'code': 'A00'}, {'raw': 'Toán, Vật lí, Tiếng Anh', 'code': 'A01'}, {'raw': 'Toán, Hóa Học, Sinh Học', 'code': 'B00'}, {'raw': 'Toán, Hóa học, Tiếng Anh', 'code': 'D07'}]","","",
"Kỹ thuật Vật liệu","129","55.36","[{'raw': 'Toán, Vật lí, Hóa Học', 'code': 'A00'}, {'raw': 'Toán, Vật lí, Tiếng Anh', 'code': 'A01'}, {'raw': 'Toán, Hóa học, Tiếng Anh', 'code': 'D07'}]","","",
"Kỹ thuật Hóa học; Công nghệ Thực phẩm; Công nghệ Sinh học; (Nhóm ngành)","114","70.83","[{'raw': 'Toán, Vật lí, Hóa Học', 'code': 'A00'}, {'raw': 'Toán, Hóa Học, Sinh Học', 'code': 'B00'}, {'raw': 'Toán, Hóa học, Tiếng Anh', 'code': 'D07'}]","","",
"Kỹ thuật Xây dựng Công trình Giao thông (CT Chất lượng cao, giảng dạy bằng tiếng Anh, học phí tương ứng)","245","59.94","[{'raw': 'Toán, Vật lí, Hóa Học', 'code': 'A00'}, {'raw': 'Toán, Vật lí, Tiếng Anh', 'code': 'A01'}]","","",
"Kỹ thuật Ô tô","142","68.73","[{'raw': 'Toán, Vật lí, Hóa Học', 'code': 'A00'}, {'raw': 'Toán, Vật lí, Tiếng Anh', 'code': 'A01'}]","","",
"Kỹ thuật Ô tô (CT Chất lượng cao, giảng dạy bằng tiếng Anh, học phí tương ứng)","242","60.7","[{'raw': 'Toán, Vật lí, Hóa Học', 'code': 'A00'}, {'raw': 'Toán, Vật lí, Tiếng Anh', 'code': 'A01'}]","","",
"Kỹ thuật Điện - Điện tử (CT Tiên tiến, giảng dạy bằng tiếng Anh, học phí tương ứng)","208","61.66","[{'raw': 'Toán, Vật lí, Hóa Học', 'code': 'A00'}, {'raw': 'Toán, Vật lí, Tiếng Anh', 'code': 'A01'}]","","",
"Kỹ thuật Cơ điện tử; Chuyên ngành Kỹ thuật Robot (CT chất lượng cao, tiên tiến)","211","62.28","[{'raw': 'Toán, Vật lí, Hóa Học', 'code': 'A00'}, {'raw': 'Toán, Vật lí, Tiếng Anh', 'code': 'A01'}]","","",
"Kỹ thuật Dệt; Công nghệ Dệt may; (Nhóm ngành)","112","57.3","[{'raw': 'Toán, Vật lí, Hóa Học', 'code': 'A00'}, {'raw': 'Toán, Vật lí, Tiếng Anh', 'code': 'A01'}]","","",
"Kỹ thuật Cơ khí (CLC, giảng dạy bằng tiếng Anh, học phí tương ứng)","209","58.49","[{'raw': 'Toán, Vật lí, Hóa Học', 'code': 'A00'}, {'raw': 'Toán, Vật lí, Tiếng Anh', 'code': 'A01'}]","","",
"Kỹ thuật Cơ khí; Kỹ thuật Cơ điện tử; (Nhóm ngành)","109","58.49","[{'raw': 'Toán, Vật lí, Hóa Học', 'code': 'A00'}, {'raw': 'Toán, Vật lí, Tiếng Anh', 'code': 'A01'}]","","",
"Kỹ thuật máy tính","107","78.26","[{'raw': 'Toán, Vật lí, Hóa Học', 'code': 'A00'}, {'raw': 'Toán, Vật lí, Tiếng Anh', 'code': 'A01'}]","","",
"Kỹ thuật Xây dựng (CT Chất lượng cao, giảng dạy bằng tiếng Anh, học phí tương ứng)","215","55.4","[{'raw': 'Toán, Vật lí, Hóa Học', 'code': 'A00'}, {'raw': 'Toán, Vật lí, Tiếng Anh', 'code': 'A01'}]","","",
"Kỹ thuật Tàu thủy; Kỹ thuật Hàng không (Song ngành từ 2020)","145","59.94","[{'raw': 'Toán, Vật lí, Hóa Học', 'code': 'A00'}, {'raw': 'Toán, Vật lí, Tiếng Anh', 'code': 'A01'}]","","",
"Kỹ thuật Hệ thống Công nghiệp; Logistics và Quản lý chuỗi Cung ứng","128","73.51","[{'raw': 'Toán, Vật lí, Hóa Học', 'code': 'A00'}, {'raw': 'Toán, Vật lí, Tiếng Anh', 'code': 'A01'}]","","",
"Kỹ thuật Xây dựng; Kỹ thuật Xây dựng Công trình giao thông; Kỹ thuật  Xây dựng Công trình thủy; Kỹ thuật  Xây dựng Công trình biển; Kỹ thuật Cơ sở hạ tầng; (Nhóm ngành)","115","55.4","[{'raw': 'Toán, Vật lí, Hóa Học', 'code': 'A00'}, {'raw': 'Toán, Vật lí, Tiếng Anh', 'code': 'A01'}]","","",
"Logistics và Quản lý chuỗi cung ứng (CT Chất lượng cao, tiên tiến)","228","60.78","[{'raw': 'Toán, Vật lí, Hóa Học', 'code': 'A00'}, {'raw': 'Toán, Vật lí, Tiếng Anh', 'code': 'A01'}]","","",
"Quản lý Tài nguyên và Môi trường (CT Chất lượng cao, giảng dạy bằng tiếng Anh, học phí tương ứng)","225","54","[{'raw': 'Toán, Vật lí, Hóa Học', 'code': 'A00'}, {'raw': 'Toán, Vật lí, Tiếng Anh', 'code': 'A01'}, {'raw': 'Toán, Hóa Học, Sinh Học', 'code': 'B00'}, {'raw': 'Toán, Hóa học, Tiếng Anh', 'code': 'D07'}]","","",
"Quản lý Công nghiệp","123","65.17","[{'raw': 'Toán, Vật lí, Hóa Học', 'code': 'A00'}, {'raw': 'Toán, Vật lí, Tiếng Anh', 'code': 'A01'}, {'raw': 'Ngữ Văn, Toán, Tiếng Anh', 'code': 'D01'}, {'raw': 'Toán, Hóa học, Tiếng Anh', 'code': 'D07'}]","","",
"Quản lý Công nghiệp (CT Chất lượng cao, giảng dạy bằng tiếng Anh, học phí tương ứng)","223","61.41","[{'raw': 'Toán, Vật lí, Hóa Học', 'code': 'A00'}, {'raw': 'Toán, Vật lí, Tiếng Anh', 'code': 'A01'}, {'raw': 'Ngữ Văn, Toán, Tiếng Anh', 'code': 'D01'}, {'raw': 'Toán, Hóa học, Tiếng Anh', 'code': 'D07'}]","","",
"Vật lý Kỹ thuật_Chuyên ngành Kỹ thuật Y sinh (CT Chất lượng cao, tiên tiến)","237","60.81","[{'raw': 'Toán, Vật lí, Hóa Học', 'code': 'A00'}, {'raw': 'Toán, Vật lí, Tiếng Anh', 'code': 'A01'}]","","",
"Vật lý Kỹ thuật","137","60.81","[{'raw': 'Toán, Vật lí, Hóa Học', 'code': 'A00'}, {'raw': 'Toán, Vật lí, Tiếng Anh', 'code': 'A01'}]","","",
