"Tên","Mã","Điểm đầu vào","Môn thi","Học phí","Ghi chú",
"Công nghệ kỹ thuật Môi trường","7510406","18.26","[{'raw': 'Toán, Vật lí, Hóa Học', 'code': 'A00'}]","","",
"Công nghệ kỹ thuật điện, điện tử","7510301","22.15","[{'raw': 'Toán, Vật lí, Tiếng Anh', 'code': 'A01'}]","","",
"Công nghệ thông tin (chương trình chất lượng cao)","7480201CLC","21.8","[{'raw': 'Toán, Vật lí, Hóa Học', 'code': 'A00'}, {'raw': 'Toán, Vật lí, Tiếng Anh', 'code': 'A01'}]","","",
"Công nghệ kỹ thuật điện, điện tử","7510301","23.15","[{'raw': 'Toán, Vật lí, Hóa Học', 'code': 'A00'}]","","",
"Công nghệ kỹ thuật Môi trường","7510406","19.26","[{'raw': 'Toán, Hóa Học, Sinh Học', 'code': 'B00'}]","","",
"Công nghệ thông tin","7480201","23.68","[{'raw': 'Toán, Vật lí, Hóa Học', 'code': 'A00'}, {'raw': 'Toán, Vật lí, Tiếng Anh', 'code': 'A01'}]","","",
"ĐH Toán ứng dụng","7460112","22.3","[{'raw': 'Toán, Vật lí, Tiếng Anh', 'code': 'A01'}]","","",
"ĐH Toán ứng dụng","7460112","23.3","[{'raw': 'Toán, Vật lí, Hóa Học', 'code': 'A00'}]","","",
"Điện tử - viễn thông","7510302","21.8","[{'raw': 'Toán, Vật lí, Tiếng Anh', 'code': 'A01'}]","","",
"Điện tử - viễn thông","7510302","22.8","[{'raw': 'Toán, Vật lí, Hóa Học', 'code': 'A00'}]","","",
"Du lịch","7810101","23.01","[{'raw': 'Ngữ Văn, Lịch Sử, Địa lí', 'code': 'C00'}, {'raw': 'Ngữ Văn, Toán, Tiếng Anh', 'code': 'D01'}]","","",
"Giáo dục Mầm non","7140201","20.8","[{'raw': 'Ngữ văn, Lịch sử, Năng khiếu', 'code': 'M01'}, {'raw': 'Toán, Năng khiếu 1, Năng khiếu 2', 'code': 'M02'}]","","",
"Giáo dục Chính trị","7140205","25.33","[{'raw': 'Ngữ Văn, Lịch Sử, Địa lí', 'code': 'C00'}, {'raw': 'Ngữ văn, Lịch sử, Giáo dục công dân', 'code': 'C19'}]","","",
"Giáo dục Tiểu học","7140202","24.11","[{'raw': 'Ngữ Văn, Toán, Tiếng Anh', 'code': 'D01'}]","","",
"Kế toán","7340301","22.29","[{'raw': 'Ngữ Văn, Toán, Tiếng Anh', 'code': 'D01'}]","","",
"Kế toán","7340301","23.29","[{'raw': 'Ngữ văn, Toán, Vật lí', 'code': 'C01'}]","","",
"Khoa học môi trường","7440301","18.91","[{'raw': 'Toán, Hóa Học, Sinh Học', 'code': 'B00'}]","","",
"Khoa học môi trường","7440301","17.91","[{'raw': 'Toán, Vật lí, Hóa Học', 'code': 'A00'}]","","",
"Kỹ thuật phần mềm","7480103","24.21","[{'raw': 'Toán, Vật lí, Hóa Học', 'code': 'A00'}, {'raw': 'Toán, Vật lí, Tiếng Anh', 'code': 'A01'}]","","",
"Kỹ thuật điện","7520201","21.61","[{'raw': 'Toán, Vật lí, Hóa Học', 'code': 'A00'}]","","",
"Kỹ thuật điện","7520201","20.61","[{'raw': 'Toán, Vật lí, Tiếng Anh', 'code': 'A01'}]","","",
"Ngành Kỹ thuật điện tử truyền thông","7520207","20.66","[{'raw': 'Toán, Vật lí, Tiếng Anh', 'code': 'A01'}]","","",
"Ngành Luật","7380101","23.87","[{'raw': 'Ngữ văn, Toán, Lịch sử', 'code': 'C03'}]","","",
"Ngành Kỹ thuật điện tử truyền thông","7520207","21.66","[{'raw': 'Toán, Vật lí, Hóa Học', 'code': 'A00'}]","","",
"Ngành Luật","7380101","22.87","[{'raw': 'Ngữ Văn, Toán, Tiếng Anh', 'code': 'D01'}]","","",
"Ngành Kinh doanh quốc tế","7340120","24.98","[{'raw': 'Toán, Vật lí, Tiếng Anh', 'code': 'A01'}]","","",
"Ngành Kinh doanh quốc tế","7340120","23.98","[{'raw': 'Ngữ Văn, Toán, Tiếng Anh', 'code': 'D01'}]","","",
"Ngôn ngữ Anh","7220201","24.58","[{'raw': 'Ngữ Văn, Toán, Tiếng Anh', 'code': 'D01'}]","","",
"Quản trị doanh nghiệp","7340101","23.85","[{'raw': 'Toán, Vật lí, Tiếng Anh', 'code': 'A01'}]","","",
"Quản lý giáo dục","7140114","23.39","[{'raw': 'Ngữ văn, Toán, Địa lí', 'code': 'C04'}]","","",
"Quản trị doanh nghiệp","7340101","22.85","[{'raw': 'Ngữ Văn, Toán, Tiếng Anh', 'code': 'D01'}]","","",
"Quản lý giáo dục","7140114","22.39","[{'raw': 'Ngữ Văn, Toán, Tiếng Anh', 'code': 'D01'}]","","",
"Quản trị văn phòng","7340406","23.16","[{'raw': 'Ngữ Văn, Toán, Tiếng Anh', 'code': 'D01'}]","","",
"Quản trị văn phòng","7340406","24.16","[{'raw': 'Ngữ văn, Toán, Địa lí', 'code': 'C04'}]","","",
"Quốc tế học","7310601","22.7","[{'raw': 'Ngữ Văn, Toán, Tiếng Anh', 'code': 'D01'}]","","",
"Sư phạm Vật lý","7140211","24.61","[{'raw': 'Toán, Vật lí, Hóa Học', 'code': 'A00'}]","","",
"Sư phạm Mỹ thuật","7140222","21.26","[{'raw': 'Ngữ văn, Năng khiếu vẽ Nghệ thuật 1, Năng khiếu vẽ Nghệ thuật', 'code': 'H00'}]","","",
"Sư phạm Lịch sử","7140218","25.66","[{'raw': 'Ngữ Văn, Lịch Sử, Địa lí', 'code': 'C00'}]","","",
"Sư phạm Sinh học","7140213","23.82","[{'raw': 'Toán, Hóa Học, Sinh Học', 'code': 'B00'}]","","",
"Sư phạm khoa học tự nhiên","7140247","24.25","[{'raw': 'Toán, Vật lí, Hóa Học', 'code': 'A00'}, {'raw': 'Toán, Hóa Học, Sinh Học', 'code': 'B00'}]","","",
"Sư phạm Tiếng Anh","7140231","26.15","[{'raw': 'Ngữ Văn, Toán, Tiếng Anh', 'code': 'D01'}]","","",
"Sư phạm Hóa học","7140212","25.28","[{'raw': 'Toán, Vật lí, Hóa Học', 'code': 'A00'}]","","",
"Sư phạm Âm nhạc","7140221","23.01","[{'raw': 'Ngữ văn, xướng âm, biểu diễn nghệ thuật', 'code': 'N01'}]","","",
"Sư phạm Toán học","7140209","25.31","[{'raw': 'Toán, Vật lí, Tiếng Anh', 'code': 'A01'}]","","",
"Sư phạm Lịch sử - Địa lý","7140249","24.21","[{'raw': 'Ngữ Văn, Lịch Sử, Địa lí', 'code': 'C00'}]","","",
"Sư phạm Địa lý","7140219","23.45","[{'raw': 'Ngữ Văn, Lịch Sử, Địa lí', 'code': 'C00'}, {'raw': 'Ngữ văn, Toán, Địa lí', 'code': 'C04'}]","","",
"Sư phạm Toán học","7140209","26.31","[{'raw': 'Toán, Vật lí, Hóa Học', 'code': 'A00'}]","","",
"Sư phạm Ngữ văn","7140217","25.81","[{'raw': 'Ngữ Văn, Lịch Sử, Địa lí', 'code': 'C00'}]","","",
"Tài chính – Ngân hàng","7340201","22.46","[{'raw': 'Ngữ Văn, Toán, Tiếng Anh', 'code': 'D01'}]","","",
"Tài chính – Ngân hàng","7340201","23.46","[{'raw': 'Ngữ văn, Toán, Vật lí', 'code': 'C01'}]","","",
"Tâm lý học","7310401","23.8","[{'raw': 'Ngữ Văn, Toán, Tiếng Anh', 'code': 'D01'}]","","",
"Thông tin - thư viện","7320201","21.36","[{'raw': 'Ngữ văn, Toán, Địa lí', 'code': 'C04'}, {'raw': 'Ngữ Văn, Toán, Tiếng Anh', 'code': 'D01'}]","","",
"Việt Nam học","7310630D","22.2","[{'raw': 'Ngữ Văn, Lịch Sử, Địa lí', 'code': 'C00'}]","","",
