"Tên","Mã","Điểm đầu vào","Môn thi","Học phí","Ghi chú",
"Nghiệp vụ An ninh &lpar;Địa bàn 8 - Nữ&rpar;","7860100|13A01|8","15.94","[{'raw': 'Toán, Vật lí, Tiếng Anh', 'code': 'A01'}]","","",
"Nghiệp vụ An ninh (Địa bàn 8 - Nam)","7860100|23D01|8","19.71","[{'raw': 'Ngữ Văn, Toán, Tiếng Anh', 'code': 'D01'}]","","",
"Nghiệp vụ An ninh (Địa bàn 6 - Nữ)","7860100|13A00|6","22.08","[{'raw': 'Toán, Vật lí, Hóa Học', 'code': 'A00'}]","","",
"Nghiệp vụ An ninh (Địa bàn 6 - Nam)","7860100|23D01|6","17.95","[{'raw': 'Ngữ Văn, Toán, Tiếng Anh', 'code': 'D01'}]","","",
"Nghiệp vụ An ninh (Địa bàn 4 - Nữ)","7860100|13C03|4","22.8","[{'raw': 'Ngữ văn, Toán, Lịch sử', 'code': 'C03'}]","","",
"Nghiệp vụ An ninh (Địa bàn 5 - Nam)","7860100|23A01|5","20.45","[{'raw': 'Toán, Vật lí, Tiếng Anh', 'code': 'A01'}]","","",
"Nghiệp vụ An ninh (Địa bàn 7 - Nữ)","7860100|13A00|7","22.84","[{'raw': 'Toán, Vật lí, Hóa Học', 'code': 'A00'}]","","",
"Nghiệp vụ An ninh (Địa bàn 7 - Nam)","7860100|23D01|7","19.4","[{'raw': 'Ngữ Văn, Toán, Tiếng Anh', 'code': 'D01'}]","","",
"Nghiệp vụ An ninh (Địa bàn 4 - Nữ)","7860100|13A01|4","22.8","[{'raw': 'Toán, Vật lí, Tiếng Anh', 'code': 'A01'}]","","",
"Nghiệp vụ An ninh (Địa bàn 8 - Nam)","7860100|23A00|8","19.71","[{'raw': 'Toán, Vật lí, Hóa Học', 'code': 'A00'}]","","",
"Nghiệp vụ An ninh (Địa bàn 7 - Nam)","7860100|23A00|7","19.4","[{'raw': 'Toán, Vật lí, Hóa Học', 'code': 'A00'}]","","",
"Nghiệp vụ An ninh (Địa bàn 7 - Nữ)","7860100|13A01|7","22.84","[{'raw': 'Toán, Vật lí, Tiếng Anh', 'code': 'A01'}]","","",
"Nghiệp vụ An ninh (Địa bàn 5 - Nam)","7860100|23C03|5","20.45","[{'raw': 'Ngữ văn, Toán, Lịch sử', 'code': 'C03'}]","","",
"Nghiệp vụ An ninh (Địa bàn 4 - Nữ)","7860100|13D01|4","22.8","[{'raw': 'Ngữ Văn, Toán, Tiếng Anh', 'code': 'D01'}]","","",
"Nghiệp vụ An ninh (Địa bàn 4 - Nam)","7860100|23A00|4","19.61","[{'raw': 'Toán, Vật lí, Hóa Học', 'code': 'A00'}]","","",
"Nghiệp vụ An ninh (Địa bàn 6 - Nữ)","7860100|13A01|6","22.08","[{'raw': 'Toán, Vật lí, Tiếng Anh', 'code': 'A01'}]","","",
"Nghiệp vụ An ninh &lpar;Địa bàn 8 - Nữ&rpar;","7860100|13D01|8","15.94","[{'raw': 'Ngữ Văn, Toán, Tiếng Anh', 'code': 'D01'}]","","",
"Nghiệp vụ An ninh (Địa bàn 6 - Nam)","7860100|23A01|6","17.95","[{'raw': 'Toán, Vật lí, Tiếng Anh', 'code': 'A01'}]","","",
"Nghiệp vụ An ninh (Địa bàn 5 - Nữ)","7860100|13A01|5","23.7","[{'raw': 'Toán, Vật lí, Tiếng Anh', 'code': 'A01'}]","","",
"Nghiệp vụ An ninh (Địa bàn 4 - Nam)","7860100|23C03|4","19.61","[{'raw': 'Ngữ văn, Toán, Lịch sử', 'code': 'C03'}]","","",
"Nghiệp vụ An ninh (Địa bàn 4 - Nam)","7860100|23D01|4","19.61","[{'raw': 'Ngữ Văn, Toán, Tiếng Anh', 'code': 'D01'}]","","",
"Nghiệp vụ An ninh (Địa bàn 7 - Nữ)","7860100|13D01|7","22.84","[{'raw': 'Ngữ Văn, Toán, Tiếng Anh', 'code': 'D01'}]","","",
"Nghiệp vụ An ninh (Địa bàn 6 - Nữ)","7860100|13D01|6","22.08","[{'raw': 'Ngữ Văn, Toán, Tiếng Anh', 'code': 'D01'}]","","",
"Nghiệp vụ An ninh (Địa bàn 7 - Nam)","7860100|23A01|7","19.4","[{'raw': 'Toán, Vật lí, Tiếng Anh', 'code': 'A01'}]","","",
"Nghiệp vụ An ninh (Địa bàn 8 - Nam)","7860100|23A01|8","19.71","[{'raw': 'Toán, Vật lí, Tiếng Anh', 'code': 'A01'}]","","",
"Nghiệp vụ An ninh (Địa bàn 8 - Nữ)","7860100|13C03|8","15.94","[{'raw': 'Ngữ văn, Toán, Lịch sử', 'code': 'C03'}]","","",
"Nghiệp vụ An ninh (Địa bàn 7 - Nữ)","7860100|13C03|7","22.84","[{'raw': 'Ngữ văn, Toán, Lịch sử', 'code': 'C03'}]","","",
"Nghiệp vụ An ninh (Địa bàn 6 - Nữ)","7860100|13C03|6","22.08","[{'raw': 'Ngữ văn, Toán, Lịch sử', 'code': 'C03'}]","","",
"Nghiệp vụ An ninh (Địa bàn 5 - Nam)","7860100|23D01|5","20.45","[{'raw': 'Ngữ Văn, Toán, Tiếng Anh', 'code': 'D01'}]","","",
"Nghiệp vụ An ninh (Địa bàn 6 - Nam)","7860100|23A00|6","17.95","[{'raw': 'Toán, Vật lí, Hóa Học', 'code': 'A00'}]","","",
"Nghiệp vụ An ninh (Địa bàn 5 - Nữ)","7860100|13A00|5","23.7","[{'raw': 'Toán, Vật lí, Hóa Học', 'code': 'A00'}]","","",
"Nghiệp vụ An ninh (Địa bàn 4 - Nam)","7860100|23A01|4","19.61","[{'raw': 'Toán, Vật lí, Tiếng Anh', 'code': 'A01'}]","","",
"Nghiệp vụ An ninh (Địa bàn 8 - Nam)","7860100|23C03|8","19.71","[{'raw': 'Ngữ văn, Toán, Lịch sử', 'code': 'C03'}]","","",
"Nghiệp vụ An ninh (Địa bàn 8 - Nữ)","7860100|13A00|8","15.94","[{'raw': 'Toán, Vật lí, Hóa Học', 'code': 'A00'}]","","",
"Nghiệp vụ An ninh (Địa bàn 7 - Nam)","7860100|23C03|7","19.4","[{'raw': 'Ngữ văn, Toán, Lịch sử', 'code': 'C03'}]","","",
"Nghiệp vụ An ninh (Địa bàn 6 - Nam)","7860100|23C03|6","17.95","[{'raw': 'Ngữ văn, Toán, Lịch sử', 'code': 'C03'}]","","",
"Nghiệp vụ An ninh (Địa bàn 5 - Nữ)","7860100|13C03|5","23.7","[{'raw': 'Ngữ văn, Toán, Lịch sử', 'code': 'C03'}]","","",
"Nghiệp vụ An ninh (Địa bàn 5 - Nam)","7860100|23A00|5","20.45","[{'raw': 'Toán, Vật lí, Hóa Học', 'code': 'A00'}]","","",
"Nghiệp vụ An ninh (Địa bàn 4 - Nữ)","7860100|13A00|4","22.8","[{'raw': 'Toán, Vật lí, Hóa Học', 'code': 'A00'}]","","",
"Nghiệp vụ An ninh (Địa bàn 5 - Nữ)","7860100|13D01|5","23.7","[{'raw': 'Ngữ Văn, Toán, Tiếng Anh', 'code': 'D01'}]","","",
