"Tên","Mã","Điểm đầu vào","Môn thi","Học phí","Ghi chú",
"Công nghệ kỹ thuật ô tô","7510205","15","[{'raw': 'Toán, Vật lí, Hóa Học', 'code': 'A00'}]","","",
"Công nghệ thông tin","7480201","15","[{'raw': 'Toán, Vật lí, Hóa Học', 'code': 'A00'}]","","",
"Điều dưỡng","7720301","19","[{'raw': 'Toán, Vật lí, Hóa Học', 'code': 'A00'}]","","",
"Kế toán","7340301","15","[{'raw': 'Toán, Vật lí, Hóa Học', 'code': 'A00'}]","","",
"Logistics và Quản lý chuỗi cung ứng","7510605","15","[{'raw': 'Toán, Vật lí, Hóa Học', 'code': 'A00'}]","","",
"Luật kinh tế","7380107","15","[{'raw': 'Toán, Vật lí, Hóa Học', 'code': 'A00'}]","","",
"Ngôn ngữ Anh","7220201","15","[{'raw': 'Ngữ Văn, Toán, Tiếng Anh', 'code': 'D01'}]","","",
"Ngôn ngữ Trung Quốc","7220204","15","[{'raw': 'Ngữ Văn, Toán, Tiếng Anh', 'code': 'D01'}]","","",
"Ngôn ngữ Hàn Quốc","7220210","15","[{'raw': 'Ngữ Văn, Toán, Tiếng Anh', 'code': 'D01'}]","","",
"Quản trị dịch vụ du lịch và lữ hành","7810103","15","[{'raw': 'Toán, Lịch sử, Địa lí', 'code': 'A07'}]","","",
"Quản trị doanh nghiệp","7340101","15","[{'raw': 'Toán, Vật lí, Hóa Học', 'code': 'A00'}]","","",
"Tài chính – Ngân hàng","7340201","15","[{'raw': 'Toán, Vật lí, Hóa Học', 'code': 'A00'}]","","",
"Thương mại điện tử","7340122","15","[{'raw': 'Toán, Vật lí, Hóa Học', 'code': 'A00'}]","","",
"Truyền thông đa phương tiện","7320104","15","[{'raw': 'Toán, Vật lí, Hóa Học', 'code': 'A00'}]","","",
