"Tên","Mã","Điểm đầu vào","Môn thi","Học phí","Ghi chú",
"Nghiệp vụ An ninh &lpar;Địa bàn 8 - Nữ&rpar;","7860100|13A01|8","18.1","[{'raw': 'Toán, Vật lí, Tiếng Anh', 'code': 'A01'}]","","",
"Nghiệp vụ An ninh (Địa bàn 6 - Nữ)","7860100|13C03|6","22.37","[{'raw': 'Ngữ văn, Toán, Lịch sử', 'code': 'C03'}]","","",
"Nghiệp vụ An ninh (Địa bàn 7 - Nữ)","7860100|13D01|7","23.66","[{'raw': 'Ngữ Văn, Toán, Tiếng Anh', 'code': 'D01'}]","","",
"Nghiệp vụ An ninh (Địa bàn 4 - Nam)","7860100|23D01|4","20.6","[{'raw': 'Ngữ Văn, Toán, Tiếng Anh', 'code': 'D01'}]","","",
"Nghiệp vụ An ninh (Địa bàn 7 - Nữ)","7860100|13A00|7","23.66","[{'raw': 'Toán, Vật lí, Hóa Học', 'code': 'A00'}]","","",
"Nghiệp vụ An ninh (Địa bàn 4 - Nữ)","7860100|13C03|4","24.16","[{'raw': 'Ngữ văn, Toán, Lịch sử', 'code': 'C03'}]","","",
"Nghiệp vụ An ninh (Địa bàn 4 - Nam)","7860100|23A01|4","20.6","[{'raw': 'Toán, Vật lí, Tiếng Anh', 'code': 'A01'}]","","",
"Nghiệp vụ An ninh (Địa bàn 8 - Nam)","7860100|23D01|8","19.2","[{'raw': 'Ngữ Văn, Toán, Tiếng Anh', 'code': 'D01'}]","","",
"Nghiệp vụ An ninh (Địa bàn 4 - Nữ)","7860100|13D01|4","24.16","[{'raw': 'Ngữ Văn, Toán, Tiếng Anh', 'code': 'D01'}]","","",
"Nghiệp vụ An ninh (Địa bàn 4 - Nữ)","7860100|13A00|4","24.16","[{'raw': 'Toán, Vật lí, Hóa Học', 'code': 'A00'}]","","",
"Nghiệp vụ An ninh (Địa bàn 5 - Nam)","7860100|23C03|5","20.45","[{'raw': 'Ngữ văn, Toán, Lịch sử', 'code': 'C03'}]","","",
"Nghiệp vụ An ninh (Địa bàn 6 - Nam)","7860100|23A01|6","18.62","[{'raw': 'Toán, Vật lí, Tiếng Anh', 'code': 'A01'}]","","",
"Nghiệp vụ An ninh (Địa bàn 5 - Nam)","7860100|23A00|5","20.45","[{'raw': 'Toán, Vật lí, Hóa Học', 'code': 'A00'}]","","",
"Nghiệp vụ An ninh (Địa bàn 8 - Nữ)","7860100|13C03|8","18.1","[{'raw': 'Ngữ văn, Toán, Lịch sử', 'code': 'C03'}]","","",
"Nghiệp vụ An ninh (Địa bàn 5 - Nữ)","7860100|13A01|5","24.14","[{'raw': 'Toán, Vật lí, Tiếng Anh', 'code': 'A01'}]","","",
"Nghiệp vụ An ninh (Địa bàn 6 - Nam)","7860100|23D01|6","18.62","[{'raw': 'Ngữ Văn, Toán, Tiếng Anh', 'code': 'D01'}]","","",
"Nghiệp vụ An ninh (Địa bàn 8 - Nữ)","7860100|13A00|8","18.1","[{'raw': 'Toán, Vật lí, Hóa Học', 'code': 'A00'}]","","",
"Nghiệp vụ An ninh (Địa bàn 7 - Nữ)","7860100|13C03|7","23.66","[{'raw': 'Ngữ văn, Toán, Lịch sử', 'code': 'C03'}]","","",
"Nghiệp vụ An ninh (Địa bàn 4 - Nữ)","7860100|13A01|4","24.16","[{'raw': 'Toán, Vật lí, Tiếng Anh', 'code': 'A01'}]","","",
"Nghiệp vụ An ninh (Địa bàn 5 - Nam)","7860100|23D01|5","20.45","[{'raw': 'Ngữ Văn, Toán, Tiếng Anh', 'code': 'D01'}]","","",
"Nghiệp vụ An ninh (Địa bàn 7 - Nam)","7860100|23D01|7","21.14","[{'raw': 'Ngữ Văn, Toán, Tiếng Anh', 'code': 'D01'}]","","",
"Nghiệp vụ An ninh (Địa bàn 4 - Nam)","7860100|23C03|4","20.6","[{'raw': 'Ngữ văn, Toán, Lịch sử', 'code': 'C03'}]","","",
"Nghiệp vụ An ninh (Địa bàn 5 - Nam)","7860100|23A01|5","20.45","[{'raw': 'Toán, Vật lí, Tiếng Anh', 'code': 'A01'}]","","",
"Nghiệp vụ An ninh (Địa bàn 4 - Nam)","7860100|23A00|4","20.6","[{'raw': 'Toán, Vật lí, Hóa Học', 'code': 'A00'}]","","",
"Nghiệp vụ An ninh &lpar;Địa bàn 8 - Nữ&rpar;","7860100|13D01|8","18.1","[{'raw': 'Ngữ Văn, Toán, Tiếng Anh', 'code': 'D01'}]","","",
"Nghiệp vụ An ninh (Địa bàn 6 - Nữ)","7860100|13D01|6","22.37","[{'raw': 'Ngữ Văn, Toán, Tiếng Anh', 'code': 'D01'}]","","",
"Nghiệp vụ An ninh (Địa bàn 7 - Nữ)","7860100|13A01|7","23.66","[{'raw': 'Toán, Vật lí, Tiếng Anh', 'code': 'A01'}]","","",
"Nghiệp vụ An ninh (Địa bàn 5 - Nữ)","7860100|13C03|5","24.14","[{'raw': 'Ngữ văn, Toán, Lịch sử', 'code': 'C03'}]","","",
"Nghiệp vụ An ninh (Địa bàn 6 - Nữ)","7860100|13A00|6","22.37","[{'raw': 'Toán, Vật lí, Hóa Học', 'code': 'A00'}]","","",
"Nghiệp vụ An ninh (Địa bàn 7 - Nam)","7860100|23C03|7","21.14","[{'raw': 'Ngữ văn, Toán, Lịch sử', 'code': 'C03'}]","","",
"Nghiệp vụ An ninh (Địa bàn 8 - Nam)","7860100|23C03|8","19.2","[{'raw': 'Ngữ văn, Toán, Lịch sử', 'code': 'C03'}]","","",
"Nghiệp vụ An ninh (Địa bàn 7 - Nam)","7860100|23A00|7","21.14","[{'raw': 'Toán, Vật lí, Hóa Học', 'code': 'A00'}]","","",
"Nghiệp vụ An ninh (Địa bàn 8 - Nam)","7860100|23A00|8","19.2","[{'raw': 'Toán, Vật lí, Hóa Học', 'code': 'A00'}]","","",
"Nghiệp vụ An ninh (Địa bàn 5 - Nữ)","7860100|13D01|5","24.14","[{'raw': 'Ngữ Văn, Toán, Tiếng Anh', 'code': 'D01'}]","","",
"Nghiệp vụ An ninh (Địa bàn 6 - Nữ)","7860100|13A01|6","22.37","[{'raw': 'Toán, Vật lí, Tiếng Anh', 'code': 'A01'}]","","",
"Nghiệp vụ An ninh (Địa bàn 5 - Nữ)","7860100|13A00|5","24.14","[{'raw': 'Toán, Vật lí, Hóa Học', 'code': 'A00'}]","","",
"Nghiệp vụ An ninh (Địa bàn 6 - Nam)","7860100|23C03|6","18.62","[{'raw': 'Ngữ văn, Toán, Lịch sử', 'code': 'C03'}]","","",
"Nghiệp vụ An ninh (Địa bàn 8 - Nam)","7860100|23A01|8","19.2","[{'raw': 'Toán, Vật lí, Tiếng Anh', 'code': 'A01'}]","","",
"Nghiệp vụ An ninh (Địa bàn 6 - Nam)","7860100|23A00|6","18.62","[{'raw': 'Toán, Vật lí, Hóa Học', 'code': 'A00'}]","","",
"Nghiệp vụ An ninh (Địa bàn 7 - Nam)","7860100|23A01|7","21.14","[{'raw': 'Toán, Vật lí, Tiếng Anh', 'code': 'A01'}]","","",
