"Tên","Mã","Điểm đầu vào","Môn thi","Học phí","Ghi chú",
"Công nghệ chế tạo máy","7510202","15","[{'raw': 'Toán, Vật lí, Hóa Học', 'code': 'A00'}, {'raw': 'Toán, Vật lí, Tiếng Anh', 'code': 'A01'}, {'raw': 'Toán, Vật lí, Địa lí', 'code': 'A04'}, {'raw': 'Toán, Vật lí, Giáo dục công dân', 'code': 'A10'}]","","",
"Công nghệ thực phẩm","7540101","15","[{'raw': 'Toán, Vật lí, Hóa Học', 'code': 'A00'}, {'raw': 'Toán, Hóa học, Địa lí', 'code': 'A06'}, {'raw': 'Toán, Hóa Học, Sinh Học', 'code': 'B00'}, {'raw': 'Toán, Sinh học, Giáo dục công dân', 'code': 'B04'}]","","",
"Công nghệ kỹ thuật ô tô","7510205","15","[{'raw': 'Toán, Vật lí, Hóa Học', 'code': 'A00'}, {'raw': 'Toán, Vật lí, Tiếng Anh', 'code': 'A01'}, {'raw': 'Toán, Vật lí, Địa lí', 'code': 'A04'}, {'raw': 'Toán, Vật lí, Giáo dục công dân', 'code': 'A10'}]","","",
"Công nghệ kỹ thuật điện, điện tử","7510301","15","[{'raw': 'Toán, Vật lí, Hóa Học', 'code': 'A00'}, {'raw': 'Toán, Vật lí, Tiếng Anh', 'code': 'A01'}, {'raw': 'Toán, Vật lí, Địa lí', 'code': 'A04'}, {'raw': 'Toán, Vật lí, Giáo dục công dân', 'code': 'A10'}]","","",
"Công nghệ thông tin","7480201","15","[{'raw': 'Toán, Vật lí, Hóa Học', 'code': 'A00'}, {'raw': 'Toán, Vật lí, Tiếng Anh', 'code': 'A01'}, {'raw': 'Toán, Vật lí, Địa lí', 'code': 'A04'}, {'raw': 'Toán, Vật lí, Giáo dục công dân', 'code': 'A10'}]","","",
"Điều dưỡng","7720301","19","[{'raw': 'Toán, Hóa học, Địa lí', 'code': 'A06'}, {'raw': 'Toán, Hóa Học, Sinh Học', 'code': 'B00'}, {'raw': 'Toán, Sinh học, Giáo dục công dân', 'code': 'B04'}, {'raw': 'Ngữ văn, Hóa học, Sinh học', 'code': 'C08'}]","","",
"Đông phương học","7310608","15","[{'raw': 'Toán, Lịch sử, Địa lí', 'code': 'A07'}, {'raw': 'Ngữ Văn, Lịch Sử, Địa lí', 'code': 'C00'}, {'raw': 'Ngữ Văn, Toán, Tiếng Anh', 'code': 'D01'}, {'raw': 'Ngữ văn, Địa lí, Tiếng Anh', 'code': 'D15'}]","","",
"Kế toán","7340301","15","[{'raw': 'Toán, Vật lí, Hóa Học', 'code': 'A00'}, {'raw': 'Toán, Lịch sử, Địa lí', 'code': 'A07'}, {'raw': 'Toán, Địa lí, Giáo dục công dân', 'code': 'A09'}, {'raw': 'Toán, Giáo dục công dân, Tiếng Anh', 'code': 'D84'}]","","",
"Kỹ thuật xét nghiệm y học","7720601","19","[{'raw': 'Toán, Hóa học, Địa lí', 'code': 'A06'}, {'raw': 'Toán, Hóa Học, Sinh Học', 'code': 'B00'}, {'raw': 'Toán, Sinh học, Giáo dục công dân', 'code': 'B04'}, {'raw': 'Ngữ văn, Hóa học, Sinh học', 'code': 'C08'}]","","",
"Ngôn ngữ Trung Quốc","7220204","15","[{'raw': 'Ngữ Văn, Lịch Sử, Địa lí', 'code': 'C00'}, {'raw': 'Ngữ văn, Địa lí, Giáo dục công dân', 'code': 'C20'}, {'raw': 'Ngữ văn, Lịch sử, Tiếng Anh', 'code': 'D14'}, {'raw': 'Ngữ văn, Địa lí, Tiếng Anh', 'code': 'D15'}]","","",
"Ngôn ngữ Anh","7220201","15","[{'raw': 'Ngữ Văn, Toán, Tiếng Anh', 'code': 'D01'}, {'raw': 'Ngữ văn, Lịch sử, Tiếng Anh', 'code': 'D14'}, {'raw': 'Ngữ văn, Địa lí, Tiếng Anh', 'code': 'D15'}, {'raw': 'Toán, Giáo dục công dân, Tiếng Anh', 'code': 'D84'}]","","",
"Quản trị doanh nghiệp","7340101","15","[{'raw': 'Toán, Vật lí, Hóa Học', 'code': 'A00'}, {'raw': 'Toán, Lịch sử, Địa lí', 'code': 'A07'}, {'raw': 'Toán, Địa lí, Giáo dục công dân', 'code': 'A09'}, {'raw': 'Toán, Giáo dục công dân, Tiếng Anh', 'code': 'D84'}]","","",
"Quản trị khách sạn","7810201","15","[{'raw': 'Toán, Lịch sử, Địa lí', 'code': 'A07'}, {'raw': 'Toán, Địa lí, Giáo dục công dân', 'code': 'A09'}, {'raw': 'Ngữ Văn, Lịch Sử, Địa lí', 'code': 'C00'}, {'raw': 'Ngữ văn, Địa lí, Giáo dục công dân', 'code': 'C20'}]","","",
"Quản trị dịch vụ du lịch và lữ hành","7810103","15","[{'raw': 'Toán, Lịch sử, Địa lí', 'code': 'A07'}, {'raw': 'Toán, Địa lí, Giáo dục công dân', 'code': 'A09'}, {'raw': 'Ngữ Văn, Lịch Sử, Địa lí', 'code': 'C00'}, {'raw': 'Ngữ văn, Địa lí, Giáo dục công dân', 'code': 'C20'}]","","",
"Tài chính – Ngân hàng","7340201","15","[{'raw': 'Toán, Vật lí, Hóa Học', 'code': 'A00'}, {'raw': 'Toán, Lịch sử, Địa lí', 'code': 'A07'}, {'raw': 'Toán, Địa lí, Giáo dục công dân', 'code': 'A09'}, {'raw': 'Toán, Giáo dục công dân, Tiếng Anh', 'code': 'D84'}]","","",
