"Tên","Mã","Điểm đầu vào","Môn thi","Học phí","Ghi chú",
"Chính trị học (Sư phạm Triết học)","7310201C","25.05","[{'raw': 'Ngữ văn, Giáo dục công dân, Tiếng Anh', 'code': 'D66'}, {'raw': 'Ngữ văn, Giáo dục công dân, Tiếng Nga', 'code': 'D68'}, {'raw': 'Ngữ Văn, Giáo dục công dân, Tiếng Pháp', 'code': 'D70'}]","","",
"Chính trị học (Sư phạm Triết học)","7310201B","26.62","[{'raw': 'Ngữ văn, Lịch sử, Giáo dục công dân', 'code': 'C19'}]","","",
"Công tác xã hội","7760101D","22.75","[{'raw': 'Ngữ Văn, Toán, Tiếng Anh', 'code': 'D01'}, {'raw': 'Ngữ Văn, Toán, Tiếng Nga', 'code': 'D02'}, {'raw': 'Ngữ văn, Toán, Tiếng Pháp', 'code': 'D03'}]","","",
"Công nghệ thông tin","7480201A","23.7","[{'raw': 'Toán, Vật lí, Hóa Học', 'code': 'A00'}]","","",
"Công tác xã hội","7760101C","23.48","[{'raw': 'Ngữ Văn, Lịch Sử, Địa lí', 'code': 'C00'}]","","",
"Công nghệ thông tin","7480201B","23.56","[{'raw': 'Toán, Vật lí, Tiếng Anh', 'code': 'A01'}]","","",
"Giáo dục Quốc phòng – An ninh","7140208C","26.5","[{'raw': 'Ngữ Văn, Lịch Sử, Địa lí', 'code': 'C00'}]","","",
"Giáo dục Đặc biệt","7140203C","27.9","[{'raw': 'Ngữ Văn, Lịch Sử, Địa lí', 'code': 'C00'}]","","",
"Giáo dục Mầm non","7140201A","22.25","[{'raw': 'Ngữ văn, Toán, Đọc diễn cảm, Hát', 'code': 'M00'}]","","",
"Giáo dục công dân","7140204B","27.83","[{'raw': 'Ngữ văn, Lịch sử, Giáo dục công dân', 'code': 'C19'}]","","",
"Giáo dục chính trị","7140205B","28.13","[{'raw': 'Ngữ văn, Lịch sử, Giáo dục công dân', 'code': 'C19'}]","","",
"Giáo dục Mầm non","7140201C","22.35","[{'raw': 'Toán, Năng khiếu 1, Năng khiếu 2', 'code': 'M02'}]","","",
"Giáo dục Quốc phòng - An ninh","7140208D","25.05","[{'raw': 'Ngữ Văn, Toán, Tiếng Anh', 'code': 'D01'}, {'raw': 'Ngữ Văn, Toán, Tiếng Nga', 'code': 'D02'}, {'raw': 'Ngữ văn, Toán, Tiếng Pháp', 'code': 'D03'}]","","",
"Giáo dục Mầm non","7140201B","20.63","[{'raw': 'Ngữ văn, Lịch sử, Năng khiếu', 'code': 'M01'}]","","",
"Giáo dục Đặc biệt","7140203D","26.83","[{'raw': 'Ngữ Văn, Toán, Tiếng Anh', 'code': 'D01'}, {'raw': 'Ngữ Văn, Toán, Tiếng Nga', 'code': 'D02'}, {'raw': 'Ngữ văn, Toán, Tiếng Pháp', 'code': 'D03'}]","","",
"Giáo dục Thể chất","7140206","22.85","[{'raw': 'Toán, Ngữ văn, Năng khiếu TDTT', 'code': 'T01'}]","","",
"Giáo dục Tiểu học","7140202B","26.96","[{'raw': 'Ngữ Văn, Toán, Tiếng Anh', 'code': 'D01'}]","","",
"Giáo dục công dân","7140204C","27.31","[{'raw': 'Ngữ văn, Địa lí, Giáo dục công dân', 'code': 'C20'}]","","",
"Giáo dục chính trị","7140205C","27.47","[{'raw': 'Ngữ văn, Địa lí, Giáo dục công dân', 'code': 'C20'}]","","",
"Giáo dục Tiểu học","7140202A","26.62","[{'raw': 'Ngữ Văn, Toán, Tiếng Anh', 'code': 'D01'}, {'raw': 'Ngữ Văn, Toán, Tiếng Nga', 'code': 'D02'}, {'raw': 'Ngữ văn, Toán, Tiếng Pháp', 'code': 'D03'}]","","",
"Hỗ trợ giáo dục người khuyết tật","7760103D","21.45","[{'raw': 'Ngữ Văn, Toán, Tiếng Anh', 'code': 'D01'}, {'raw': 'Ngữ Văn, Toán, Tiếng Nga', 'code': 'D02'}, {'raw': 'Ngữ văn, Toán, Tiếng Pháp', 'code': 'D03'}]","","",
"Hỗ trợ giáo dục người khuyết tật","7760103C","22.5","[{'raw': 'Ngữ Văn, Lịch Sử, Địa lí', 'code': 'C00'}]","","",
"Hoá học","7440112B","22.1","[{'raw': 'Toán, Hóa Học, Sinh Học', 'code': 'B00'}]","","",
"Hóa học phân tích môi trường","7440112A","22.75","[{'raw': 'Toán, Vật lí, Hóa Học', 'code': 'A00'}]","","",
"Ngôn ngữ Anh","7220201","26.6","[{'raw': 'Ngữ Văn, Toán, Tiếng Anh', 'code': 'D01'}]","","",
"Ngôn ngữ Trung Quốc","7220204B","26.12","[{'raw': 'Ngữ văn, Toán, Tiếng Trung', 'code': 'D04'}]","","",
"Ngôn ngữ Trung Quốc (Chuyên ngành Trung - Anh)","7220204A","26.56","[{'raw': 'Ngữ Văn, Toán, Tiếng Anh', 'code': 'D01'}]","","",
"Quản lý giáo dục","7140114C","26.5","[{'raw': 'Ngữ văn, Địa lí, Giáo dục công dân', 'code': 'C20'}]","","",
"Quản trị dịch vụ du lịch và lữ hành","7810103D","23.65","[{'raw': 'Ngữ văn, Địa lí, Tiếng Anh', 'code': 'D15'}]","","",
"Quản trị dịch vụ du lịch và lữ hành","7810103C","25.8","[{'raw': 'Ngữ Văn, Lịch Sử, Địa lí', 'code': 'C00'}]","","",
"Quản lí giáo dục","7140114D","24.8","[{'raw': 'Ngữ Văn, Toán, Tiếng Anh', 'code': 'D01'}, {'raw': 'Ngữ Văn, Toán, Tiếng Nga', 'code': 'D02'}, {'raw': 'Ngữ văn, Toán, Tiếng Pháp', 'code': 'D03'}]","","",
"Sinh học","7420101B","20.71","[{'raw': 'Toán, Hóa Học, Sinh Học', 'code': 'B00'}]","","",
"Sinh học","7420101D","19.63","[{'raw': 'Toán, Sinh học, Tiếng Anh', 'code': 'D08'}, {'raw': 'Toán, Sinh học, Tiếng Nga', 'code': 'D32'}, {'raw': 'Toán, Sinh học, Tiếng Pháp', 'code': 'D34'}]","","",
"SP Vật lý","7140211D","25.8","[{'raw': 'Toán, Vật lí, Tiếng Anh', 'code': 'A01'}]","","",
"Sư phạm Lịch sử","7140218D","27.76","[{'raw': 'Ngữ văn, Lịch sử, Tiếng Anh', 'code': 'D14'}]","","",
"Sư phạm Mĩ thuật","7140222A","18.3","[{'raw': 'Toán, Ngữ văn, Vẽ', 'code': 'H01'}]","","",
"Sư phạm hoá học","7140212C","26.68","[{'raw': 'Toán, Hóa Học, Sinh Học', 'code': 'B00'}]","","",
"Sư phạm Vật lý (đào tạo GV THPT)","7140211A","25.89","[{'raw': 'Toán, Vật lí, Hóa Học', 'code': 'A00'}]","","",
"Sư phạm Tin học (đào tạo giáo viên dạy Tin học bằng tiếng Anh)","7140210A","24.2","[{'raw': 'Toán, Vật lí, Hóa Học', 'code': 'A00'}]","","",
"Sư phạm Tiếng Anh","7140231A","27.54","[{'raw': 'Ngữ Văn, Toán, Tiếng Anh', 'code': 'D01'}]","","",
"Sư phạm Tiếng Pháp","7140233D","25.73","[{'raw': 'Ngữ Văn, Toán, Tiếng Anh', 'code': 'D01'}, {'raw': 'Ngữ Văn, Toán, Tiếng Nga', 'code': 'D02'}, {'raw': 'Ngữ văn, Toán, Tiếng Pháp', 'code': 'D03'}]","","",
"Sư phạm Địa lý","7140219C","27.67","[{'raw': 'Ngữ Văn, Lịch Sử, Địa lí', 'code': 'C00'}]","","",
"Sư phạm Sinh học (đào tạo GV THCS)","7140213B","24.93","[{'raw': 'Toán, Hóa Học, Sinh Học', 'code': 'B00'}]","","",
"Sư phạm Vật lý","7140211C","25.36","[{'raw': 'Toán, Vật lí, Hóa Học', 'code': 'A00'}]","","",
"Sư phạm Toán học","7140209A","26.23","[{'raw': 'Toán, Vật lí, Hóa Học', 'code': 'A00'}]","","",
"Sư phạm Mỹ thuật","7140222B","19.94","[{'raw': 'Toán, Vẽ Hình họa mỹ thuật, Vẽ trang trí màu', 'code': 'H02'}]","","",
"Sư phạm Tiếng Pháp","7140233C","25.61","[{'raw': 'Ngữ văn, Địa lí, Tiếng Anh', 'code': 'D15'}, {'raw': 'Ngữ văn, Địa lí, Tiếng Nga', 'code': 'D42'}, {'raw': 'Ngữ văn, Địa lí, Tiếng Pháp', 'code': 'D44'}]","","",
"Sư phạm Địa lý","7140219B","26.05","[{'raw': 'Ngữ văn, Toán, Địa lí', 'code': 'C04'}]","","",
"Sư phạm Hóa học (đào tạo GV THCS)","7140212B","26.36","[{'raw': 'Toán, Hóa học, Tiếng Anh', 'code': 'D07'}]","","",
"Sư phạm Vật lý (đào tạo GV THCS)","7140211B","25.95","[{'raw': 'Toán, Vật lí, Tiếng Anh', 'code': 'A01'}]","","",
"Sư phạm Tin học","7140210B","23.66","[{'raw': 'Toán, Vật lí, Tiếng Anh', 'code': 'A01'}]","","",
"Sư phạm Công nghệ","7140246C","20.15","[{'raw': 'Ngữ văn, Toán, Vật lí', 'code': 'C01'}]","","",
"Sư phạm Âm nhạc","7140221B","18.5","[{'raw': 'Ngữ văn, Ký xướng âm, Hát hoặc biểu diễn nhạc cụ', 'code': 'N02'}]","","",
"Sư phạm Ngữ văn","7140217C","27.83","[{'raw': 'Ngữ Văn, Lịch Sử, Địa lí', 'code': 'C00'}]","","",
"Sư phạm Lịch sử","7140218C","28.42","[{'raw': 'Ngữ Văn, Lịch Sử, Địa lí', 'code': 'C00'}]","","",
"Sư phạm Hóa học (đào tạo GV THPT)","7140212A","26.13","[{'raw': 'Toán, Vật lí, Hóa Học', 'code': 'A00'}]","","",
"Sư phạm Toán học (dạy Toán bằng tiếng Anh)","7140209D","27.43","[{'raw': 'Ngữ Văn, Toán, Tiếng Anh', 'code': 'D01'}]","","",
"Sư phạm Công nghệ","7140246A","21.15","[{'raw': 'Toán, Vật lí, Hóa Học', 'code': 'A00'}]","","",
"Sư phạm Âm nhạc","7140221A","19.55","[{'raw': 'Ngữ văn, xướng âm, biểu diễn nghệ thuật', 'code': 'N01'}]","","",
"Sư phạm Sinh học (dạy Sinh bằng tiếng Anh)","7140213D","22.85","[{'raw': 'Toán, Sinh học, Tiếng Anh', 'code': 'D08'}]","","",
"Sư phạm Ngữ văn","7140217D","26.4","[{'raw': 'Ngữ Văn, Toán, Tiếng Anh', 'code': 'D01'}, {'raw': 'Ngữ Văn, Toán, Tiếng Nga', 'code': 'D02'}, {'raw': 'Ngữ văn, Toán, Tiếng Pháp', 'code': 'D03'}]","","",
"Sư phạm Toán học","7140209B","27.63","[{'raw': 'Toán, Vật lí, Hóa Học', 'code': 'A00'}]","","",
"Tâm lý học giáo dục","7310403C","26.5","[{'raw': 'Ngữ Văn, Lịch Sử, Địa lí', 'code': 'C00'}]","","",
"Tâm lý học giáo dục","7310403D","25.7","[{'raw': 'Ngữ Văn, Toán, Tiếng Anh', 'code': 'D01'}, {'raw': 'Ngữ Văn, Toán, Tiếng Nga', 'code': 'D02'}, {'raw': 'Ngữ văn, Toán, Tiếng Pháp', 'code': 'D03'}]","","",
"Tâm lý học","7310401D","25.15","[{'raw': 'Ngữ Văn, Toán, Tiếng Anh', 'code': 'D01'}, {'raw': 'Ngữ Văn, Toán, Tiếng Nga', 'code': 'D02'}, {'raw': 'Ngữ văn, Toán, Tiếng Pháp', 'code': 'D03'}]","","",
"Tâm lý học","7310401C","25.89","[{'raw': 'Ngữ Văn, Lịch Sử, Địa lí', 'code': 'C00'}]","","",
"Toán học","7460101D","25.02","[{'raw': 'Ngữ Văn, Toán, Tiếng Anh', 'code': 'D01'}]","","",
"Toán học","7460101A","25.31","[{'raw': 'Toán, Vật lí, Hóa Học', 'code': 'A00'}]","","",
"Triết học","7229001B","25.8","[{'raw': 'Ngữ văn, Lịch sử, Giáo dục công dân', 'code': 'C19'}]","","",
"Triết học","7229001C","24.2","[{'raw': 'Ngữ Văn, Lịch Sử, Địa lí', 'code': 'C00'}]","","",
"Văn học","7229030D","25.4","[{'raw': 'Ngữ Văn, Toán, Tiếng Anh', 'code': 'D01'}, {'raw': 'Ngữ Văn, Toán, Tiếng Nga', 'code': 'D02'}, {'raw': 'Ngữ văn, Toán, Tiếng Pháp', 'code': 'D03'}]","","",
"Văn học","7229030C","26.5","[{'raw': 'Ngữ Văn, Lịch Sử, Địa lí', 'code': 'C00'}]","","",
"Việt Nam học","7310630C","24.87","[{'raw': 'Ngữ Văn, Lịch Sử, Địa lí', 'code': 'C00'}]","","",
"Việt Nam học","7310630D","22.75","[{'raw': 'Ngữ văn, Địa lí, Tiếng Anh', 'code': 'D15'}]","","",
