"Tên","Mã","Điểm đầu vào","Môn thi","Học phí","Ghi chú",
"Công nghệ thông tin","7480201","17","[{'raw': 'Toán, Vật lí, Hóa Học', 'code': 'A00'}]","","",
"Kế toán","7340301","15","[{'raw': 'Toán, Vật lí, Hóa Học', 'code': 'A00'}]","","",
"Kiến trúc","7580101","15","[{'raw': 'Toán, Vật lí, Vẽ Hình họa mỹ thuật', 'code': 'V00'}]","","",
"Kỹ thuật điện","7520201","17","[{'raw': 'Toán, Vật lí, Hóa Học', 'code': 'A00'}]","","",
"Kỹ thuật xây dựng","7580201","15","[{'raw': 'Toán, Vật lí, Hóa Học', 'code': 'A00'}]","","",
"Luật kinh tế","7380107","15","[{'raw': 'Toán, Vật lí, Hóa Học', 'code': 'A00'}]","","",
"Ngôn ngữ Anh","7220201","15","[{'raw': 'Toán, Vật lí, Tiếng Anh', 'code': 'A01'}, {'raw': 'Ngữ văn, Lịch sử, Tiếng Anh', 'code': 'D14'}]","","",
"Quản trị doanh nghiệp","7340101","15","[{'raw': 'Toán, Vật lí, Hóa Học', 'code': 'A00'}]","","",
"Tài chính – Ngân hàng","7340201","15","[{'raw': 'Toán, Vật lí, Hóa Học', 'code': 'A00'}]","","",
