"Tên","Mã","Điểm đầu vào","Môn thi","Học phí","Ghi chú",
"Công tác xã hội","7760101","15","[{'raw': 'Ngữ Văn, Lịch Sử, Địa lí', 'code': 'C00'}]","","",
"Công nghệ thông tin","7480201","16","[{'raw': 'Toán, Vật lí, Hóa Học', 'code': 'A00'}]","","",
"Công nghệ sinh học","7420201","15","[{'raw': 'Toán, Vật lí, Hóa Học', 'code': 'A00'}]","","",
"ĐH Nuôi trồng thủy sản","7620301","15","[{'raw': 'Toán, Vật lí, Hóa Học', 'code': 'A00'}]","","",
"Địa lý học","7310501","15","[{'raw': 'Toán, Lịch sử, Địa lí', 'code': 'A07'}]","","",
"Du lịch","7310630","15","[{'raw': 'Ngữ Văn, Lịch Sử, Địa lí', 'code': 'C00'}]","","",
"Giáo dục Thể chất","7140206","24.66","[{'raw': 'Toán, Sinh học, Năng khiếu TDTT', 'code': 'T00'}]","","",
"Giáo dục Công dân","7140204","26.51","[{'raw': 'Ngữ Văn, Lịch Sử, Địa lí', 'code': 'C00'}]","","",
"Giáo dục Mầm non","51140201","23","[{'raw': 'Ngữ văn, Toán, Đọc diễn cảm, Hát', 'code': 'M00'}]","","",
"Giáo dục Chính trị","7140205","25.8","[{'raw': 'Ngữ Văn, Lịch Sử, Địa lí', 'code': 'C00'}]","","",
"Giáo dục Tiểu học","7140202","23.28","[{'raw': 'Ngữ văn, Toán, Vật lí', 'code': 'C01'}]","","",
"Giáo dục Mầm non","7140201","23.23","[{'raw': 'Ngữ văn, Toán, Đọc diễn cảm, Hát', 'code': 'M00'}]","","",
"Kế toán","7340301","15","[{'raw': 'Toán, Vật lí, Hóa Học', 'code': 'A00'}]","","",
"Khoa học máy tính","7480101","15","[{'raw': 'Toán, Vật lí, Hóa Học', 'code': 'A00'}]","","",
"Khoa học môi trường","7440301","15","[{'raw': 'Toán, Vật lí, Hóa Học', 'code': 'A00'}]","","",
"Ngành Kinh doanh quốc tế","7340120","15","[{'raw': 'Toán, Vật lí, Hóa Học', 'code': 'A00'}]","","",
"Ngành Luật","7380101","15.5","[{'raw': 'Toán, Vật lí, Hóa Học', 'code': 'A00'}]","","",
"Ngôn ngữ Trung Quốc","7220204","18","[{'raw': 'Ngữ Văn, Lịch Sử, Địa lí', 'code': 'C00'}]","","",
"Ngôn ngữ Anh","7220201","18","[{'raw': 'Ngữ Văn, Toán, Tiếng Anh', 'code': 'D01'}]","","",
"Nông học","7620109","15","[{'raw': 'Toán, Vật lí, Hóa Học', 'code': 'A00'}]","","",
"Quản lý công","7340403","15","[{'raw': 'Toán, Vật lí, Hóa Học', 'code': 'A00'}]","","",
"Quản lý đất đai","7850103","15","[{'raw': 'Toán, Vật lí, Hóa Học', 'code': 'A00'}]","","",
"Quản trị doanh nghiệp","7340101","15","[{'raw': 'Toán, Vật lí, Hóa Học', 'code': 'A00'}]","","",
"Quản lý tài nguyên và môi trường","7850101","15","[{'raw': 'Toán, Vật lí, Hóa Học', 'code': 'A00'}]","","",
"Quản lý văn hoá","7229042","15","[{'raw': 'Ngữ Văn, Lịch Sử, Địa lí', 'code': 'C00'}]","","",
"Sư phạm Âm nhạc","7140221","18","[{'raw': 'Ngữ văn, Năng khiếu Âm nhạc 1, Năng khiếu Âm nhạc 2', 'code': 'N00'}]","","",
"Sư phạm Sinh học","7140213","23.2","[{'raw': 'Toán, Vật lí, Sinh học', 'code': 'A02'}]","","",
"Sư phạm Lịch sử","7140218","27.4","[{'raw': 'Ngữ Văn, Lịch Sử, Địa lí', 'code': 'C00'}]","","",
"Sư phạm Tiếng Anh","7140231","23.79","[{'raw': 'Ngữ Văn, Toán, Tiếng Anh', 'code': 'D01'}]","","",
"Sư phạm Tin học (Chuyên ngành Tin học – Công nghệ Tiểu học)","7140210","19","[{'raw': 'Toán, Vật lí, Hóa Học', 'code': 'A00'}]","","",
"Sư phạm khoa học tự nhiên","7140247","19","[{'raw': 'Toán, Vật lí, Hóa Học', 'code': 'A00'}]","","",
"Sư phạm Mỹ thuật","7140222","18","[{'raw': 'Ngữ văn, Năng khiếu vẽ Nghệ thuật 1, Năng khiếu vẽ Nghệ thuật', 'code': 'H00'}]","","",
"Sư phạm Ngữ văn","7140217","26.4","[{'raw': 'Ngữ Văn, Lịch Sử, Địa lí', 'code': 'C00'}]","","",
"Sư phạm Toán học","7140209","24.17","[{'raw': 'Toán, Vật lí, Hóa Học', 'code': 'A00'}]","","",
"Sư phạm Hóa học","7140212","24.45","[{'raw': 'Toán, Vật lí, Hóa Học', 'code': 'A00'}]","","",
"Sư phạm Lịch sử - Địa lý","7140249","20.25","[{'raw': 'Toán, Lịch sử, Địa lí', 'code': 'A07'}]","","",
"Sư phạm Vật lý","7140211","23.98","[{'raw': 'Toán, Vật lí, Hóa Học', 'code': 'A00'}]","","",
"Sư phạm Địa lý","7140219","25.57","[{'raw': 'Toán, Lịch sử, Địa lí', 'code': 'A07'}]","","",
"Sư phạm công nghệ","7140246","19","[{'raw': 'Toán, Vật lí, Hóa Học', 'code': 'A00'}]","","",
"Tài chính – Ngân hàng","7340201","15","[{'raw': 'Toán, Vật lí, Hóa Học', 'code': 'A00'}]","","",
"Tâm lý học giáo dục","7310403","15","[{'raw': 'Toán, Vật lí, Hóa Học', 'code': 'A00'}]","","",
