"Tên","Mã","Điểm đầu vào","Môn thi","Học phí","Ghi chú",
"Điều dưỡng","7720301","20.25","[{'raw': 'Toán, Hóa Học, Sinh Học', 'code': 'B00'}]","","",
"Dược học (tổ hợp A00)","7720201A","23.43","[{'raw': 'Toán, Vật lí, Hóa Học', 'code': 'A00'}]","","",
"Dược học (D)","7720201D","23.4","[{'raw': 'Toán, Hóa học, Tiếng Anh', 'code': 'D07'}]","","",
"Dược học (tổ hợp B00)","7720201B","24.41","[{'raw': 'Toán, Hóa Học, Sinh Học', 'code': 'B00'}]","","",
"Kỹ thuật xét nghiệm y học","7720601","22.75","[{'raw': 'Toán, Hóa Học, Sinh Học', 'code': 'B00'}]","","",
"Răng- Hàm -Mặt","7720501","25.4","[{'raw': 'Toán, Hóa Học, Sinh Học', 'code': 'B00'}]","","",
"Y khoa (A)","7720101A","24.63","[{'raw': 'Toán, Vật lí, Hóa Học', 'code': 'A00'}]","","",
"Y học dự phòng","7720110","19","[{'raw': 'Toán, Hóa Học, Sinh Học', 'code': 'B00'}]","","",
"Y khoa (B)","7720101B","25.35","[{'raw': 'Toán, Hóa Học, Sinh Học', 'code': 'B00'}]","","",
"Y học cổ truyền","7720115","21.8","[{'raw': 'Toán, Hóa Học, Sinh Học', 'code': 'B00'}]","","",
