"Tên","Mã","Điểm đầu vào","Môn thi","Học phí","Ghi chú",
"Điều dưỡng","7720301","19","[{'raw': 'Toán, Hóa Học, Sinh Học', 'code': 'B00'}]","","",
"Dược học","7720201","22.5","[{'raw': 'Toán, Vật lí, Hóa Học', 'code': 'A00'}, {'raw': 'Toán, Hóa Học, Sinh Học', 'code': 'B00'}]","","",
"Kỹ thuật xét nghiệm y học","7720601","19","[{'raw': 'Toán, Hóa Học, Sinh Học', 'code': 'B00'}]","","",
"Y học dự phòng","7720110","19","[{'raw': 'Toán, Hóa Học, Sinh Học', 'code': 'B00'}]","","",
"Y khoa","7720101","24","[{'raw': 'Toán, Hóa Học, Sinh Học', 'code': 'B00'}]","","",
