"Tên","Mã","Điểm đầu vào","Môn thi","Học phí","Ghi chú",
"Công nghệ kỹ thuật Môi trường","7510406","19","[{'raw': 'Toán, Vật lí, Hóa Học', 'code': 'A00'}, {'raw': 'Toán, Hóa Học, Sinh Học', 'code': 'B00'}, {'raw': 'Toán, Sinh học, Ngữ văn', 'code': 'B03'}, {'raw': 'Ngữ văn, Toán, Hóa học', 'code': 'C02'}]","","",
"Công nghệ kỹ thuật điện, điện tử","7510301","19","[{'raw': 'Toán, Vật lí, Hóa Học', 'code': 'A00'}, {'raw': 'Toán, Vật lí, Tiếng Anh', 'code': 'A01'}, {'raw': 'Toán, Địa lí, Giáo dục công dân', 'code': 'A09'}, {'raw': 'Ngữ Văn, Toán, Tiếng Anh', 'code': 'D01'}]","","",
"Công nghệ thông tin","7480201","22","[{'raw': 'Toán, Vật lí, Hóa Học', 'code': 'A00'}, {'raw': 'Toán, Vật lí, Tiếng Anh', 'code': 'A01'}, {'raw': 'Ngữ Văn, Toán, Tiếng Anh', 'code': 'D01'}, {'raw': 'Toán, Sinh học, Tiếng Anh', 'code': 'D08'}]","","",
"Công nghệ kỹ thuật cơ điện tử","7510203","19","[{'raw': 'Toán, Vật lí, Hóa Học', 'code': 'A00'}, {'raw': 'Toán, Vật lí, Sinh học', 'code': 'A02'}, {'raw': 'Toán, Địa lí, Giáo dục công dân', 'code': 'A09'}, {'raw': 'Ngữ Văn, Toán, Tiếng Anh', 'code': 'D01'}]","","",
"Công nghệ kỹ thuật ô tô","7510205","21","[{'raw': 'Toán, Vật lí, Hóa Học', 'code': 'A00'}, {'raw': 'Toán, Vật lí, Tiếng Anh', 'code': 'A01'}, {'raw': 'Toán, Sinh học, Ngữ văn', 'code': 'B03'}, {'raw': 'Ngữ văn, Toán, Vật lí', 'code': 'C01'}]","","",
"Điều dưỡng","7720301","19","[{'raw': 'Toán, Vật lí, Hóa Học', 'code': 'A00'}, {'raw': 'Toán, Vật lí, Sinh học', 'code': 'A02'}, {'raw': 'Toán, Hóa Học, Sinh Học', 'code': 'B00'}, {'raw': 'Toán, Hóa học, Tiếng Anh', 'code': 'D07'}]","","",
"Dược học","7720201","21","[{'raw': 'Toán, Vật lí, Hóa Học', 'code': 'A00'}, {'raw': 'Toán, Vật lí, Sinh học', 'code': 'A02'}, {'raw': 'Toán, Hóa Học, Sinh Học', 'code': 'B00'}, {'raw': 'Toán, Hóa học, Tiếng Anh', 'code': 'D07'}]","","",
"Kế toán","7340301","20.5","[{'raw': 'Toán, Vật lí, Hóa Học', 'code': 'A00'}, {'raw': 'Toán, Vật lí, Tiếng Anh', 'code': 'A01'}, {'raw': 'Toán, Lịch sử, Giáo dục công dân', 'code': 'A08'}, {'raw': 'Ngữ Văn, Toán, Tiếng Anh', 'code': 'D01'}]","","",
"Kiến trúc","7580101","19","[{'raw': 'Toán, Vật lí, Vẽ Hình họa mỹ thuật', 'code': 'V00'}, {'raw': 'Toán, Ngữ văn, Vẽ Hình họa mỹ thuật', 'code': 'V01'}, {'raw': 'VẼ MT, Toán, Tiếng Anh', 'code': 'V02'}, {'raw': 'Toán, Địa lí, Vẽ mỹ thuật', 'code': 'V06'}]","","",
"Kinh tế","7310101","19","[{'raw': 'Toán, Vật lí, Hóa Học', 'code': 'A00'}, {'raw': 'Toán, Vật lí, Tiếng Anh', 'code': 'A01'}, {'raw': 'Toán, Lịch sử, Giáo dục công dân', 'code': 'A08'}, {'raw': 'Ngữ Văn, Toán, Tiếng Anh', 'code': 'D01'}]","","",
"Kỹ thuật xây dựng","7580201","19","[{'raw': 'Toán, Vật lí, Hóa Học', 'code': 'A00'}, {'raw': 'Toán, Vật lí, Tiếng Anh', 'code': 'A01'}, {'raw': 'Toán, Sinh học, Tiếng Anh', 'code': 'B08'}, {'raw': 'Ngữ văn, Toán, Giáo dục công dân', 'code': 'C14'}]","","",
"Luật kinh tế","7380107","19","[{'raw': 'Toán, Vật lí, Hóa Học', 'code': 'A00'}, {'raw': 'Ngữ Văn, Lịch Sử, Địa lí', 'code': 'C00'}, {'raw': 'Ngữ văn, Toán, Giáo dục công dân', 'code': 'C14'}, {'raw': 'Ngữ Văn, Toán, Tiếng Anh', 'code': 'D01'}]","","",
"Ngành Kinh doanh quốc tế","7340120","21","[{'raw': 'Toán, Vật lí, Hóa Học', 'code': 'A00'}, {'raw': 'Toán, Vật lí, Địa lí', 'code': 'A04'}, {'raw': 'Toán, Địa lí, Giáo dục công dân', 'code': 'A09'}, {'raw': 'Ngữ Văn, Toán, Tiếng Anh', 'code': 'D01'}]","","",
"Ngôn ngữ Anh","7220201","19","[{'raw': 'Toán, Vật lí, Tiếng Anh', 'code': 'A01'}, {'raw': 'Ngữ Văn, Toán, Tiếng Anh', 'code': 'D01'}, {'raw': 'Toán, Lịch sử, Tiếng Anh', 'code': 'D09'}, {'raw': 'Toán, Địa lí, Tiếng Anh', 'code': 'D10'}]","","",
"Ngôn ngữ Nga","7220202","19","[{'raw': 'Toán, Vật lí, Tiếng Anh', 'code': 'A01'}, {'raw': 'Ngữ Văn, Toán, Tiếng Anh', 'code': 'D01'}, {'raw': 'Toán, Lịch sử, Tiếng Anh', 'code': 'D09'}, {'raw': 'Toán, Địa lí, Tiếng Anh', 'code': 'D10'}]","","",
"Ngôn ngữ Trung Quốc","7220204","22.5","[{'raw': 'Toán, Vật lí, Tiếng Anh', 'code': 'A01'}, {'raw': 'Ngữ Văn, Toán, Tiếng Anh', 'code': 'D01'}, {'raw': 'Ngữ văn, Lịch sử, Tiếng Anh', 'code': 'D14'}, {'raw': 'Ngữ văn, Địa lí, Tiếng Anh', 'code': 'D15'}]","","",
"Quản lý nhà nước","7310205","19","[{'raw': 'Ngữ Văn, Lịch Sử, Địa lí', 'code': 'C00'}, {'raw': 'Ngữ văn, Lịch sử, Giáo dục công dân', 'code': 'C19'}, {'raw': 'Ngữ Văn, Toán, Tiếng Anh', 'code': 'D01'}, {'raw': 'Ngữ văn, Giáo dục công dân, Tiếng Anh', 'code': 'D66'}]","","",
"Quản lý đô thị và công trình","7580106","19","[{'raw': 'Toán, Vật lí, Hóa Học', 'code': 'A00'}, {'raw': 'Toán, Vật lí, Tiếng Anh', 'code': 'A01'}, {'raw': 'Ngữ văn, Toán, Vật lí', 'code': 'C01'}, {'raw': 'Ngữ Văn, Toán, Tiếng Anh', 'code': 'D01'}]","","",
"Quản trị doanh nghiệp","7340101","22","[{'raw': 'Toán, Vật lí, Hóa Học', 'code': 'A00'}, {'raw': 'Toán, Vật lí, Tiếng Anh', 'code': 'A01'}, {'raw': 'Toán, Lịch sử, Giáo dục công dân', 'code': 'A08'}, {'raw': 'Ngữ Văn, Toán, Tiếng Anh', 'code': 'D01'}]","","",
"Quản lý tài nguyên và môi trường","7850101","19","[{'raw': 'Toán, Vật lí, Hóa Học', 'code': 'A00'}, {'raw': 'Toán, Hóa Học, Sinh Học', 'code': 'B00'}, {'raw': 'Ngữ Văn, Lịch Sử, Địa lí', 'code': 'C00'}, {'raw': 'Ngữ Văn, Toán, Tiếng Anh', 'code': 'D01'}]","","",
"Quản trị dịch vụ du lịch và lữ hành","7810103","19","[{'raw': 'Toán, Vật lí, Hóa Học', 'code': 'A00'}, {'raw': 'Toán, Lịch sử, Địa lí', 'code': 'A07'}, {'raw': 'Ngữ Văn, Lịch Sử, Địa lí', 'code': 'C00'}, {'raw': 'Ngữ văn, Giáo dục công dân, Tiếng Anh', 'code': 'D66'}]","","",
"Răng- Hàm -Mặt","7720501","23.5","[{'raw': 'Toán, Vật lí, Hóa Học', 'code': 'A00'}, {'raw': 'Toán, Vật lí, Sinh học', 'code': 'A02'}, {'raw': 'Toán, Hóa Học, Sinh Học', 'code': 'B00'}, {'raw': 'Toán, Sinh học, Tiếng Anh', 'code': 'B08'}]","","",
"Tài chính – Ngân hàng","7340201","20","[{'raw': 'Toán, Vật lí, Hóa Học', 'code': 'A00'}, {'raw': 'Toán, Vật lí, Tiếng Anh', 'code': 'A01'}, {'raw': 'Toán, Vật lí, Sinh học', 'code': 'A02'}, {'raw': 'Toán, Địa lí, Tiếng Anh', 'code': 'D10'}]","","",
"Thiết kế nội thất","7580108","19","[{'raw': 'Ngữ văn, Năng khiếu vẽ Nghệ thuật 1, Năng khiếu vẽ Nghệ thuật', 'code': 'H00'}, {'raw': 'Toán, Ngữ văn, Vẽ', 'code': 'H01'}, {'raw': 'Ngữ văn, Tiếng Anh,Vẽ mỹ thuật', 'code': 'H06'}, {'raw': 'Ngữ văn, Lịch sử, Vẽ mỹ thuật', 'code': 'H08'}]","","",
"Thiết kế đồ họa","7210403","19","[{'raw': 'Ngữ văn, Năng khiếu vẽ Nghệ thuật 1, Năng khiếu vẽ Nghệ thuật', 'code': 'H00'}, {'raw': 'Toán, Ngữ văn, Vẽ', 'code': 'H01'}, {'raw': 'Ngữ văn, Tiếng Anh,Vẽ mỹ thuật', 'code': 'H06'}, {'raw': 'Ngữ văn, Lịch sử, Vẽ mỹ thuật', 'code': 'H08'}]","","",
"Y khoa","7720101","22.5","[{'raw': 'Toán, Vật lí, Hóa Học', 'code': 'A00'}, {'raw': 'Toán, Vật lí, Sinh học', 'code': 'A02'}, {'raw': 'Toán, Hóa Học, Sinh Học', 'code': 'B00'}, {'raw': 'Toán, Sinh học, Tiếng Anh', 'code': 'B08'}]","","",
