"Tên","Mã","Điểm đầu vào","Môn thi","Học phí","Ghi chú",
"Công nghệ thông tin","7480201","17","[{'raw': 'Toán, Vật lí, Hóa Học', 'code': 'A00'}, {'raw': 'Toán, Vật lí, Tiếng Anh', 'code': 'A01'}, {'raw': 'Ngữ Văn, Toán, Tiếng Anh', 'code': 'D01'}, {'raw': 'Toán, Tiếng Anh, Tin học', 'code': 'K01'}]","","",
"Công nghệ thực phẩm","7540101","17","[{'raw': 'Toán, Vật lí, Hóa Học', 'code': 'A00'}, {'raw': 'Toán, Hóa Học, Sinh Học', 'code': 'B00'}, {'raw': 'Ngữ văn, Hóa học, Sinh học', 'code': 'C08'}, {'raw': 'Toán, Hóa học, Tiếng Anh', 'code': 'D07'}]","","",
"Công nghệ kỹ thuật ô tô","7510205","17","[{'raw': 'Toán, Vật lí, Hóa Học', 'code': 'A00'}, {'raw': 'Toán, Vật lí, Tiếng Anh', 'code': 'A01'}, {'raw': 'Ngữ văn, Toán, Vật lí', 'code': 'C01'}, {'raw': 'Ngữ Văn, Toán, Tiếng Anh', 'code': 'D01'}]","","",
"Công nghệ sinh học","7420201","17","[{'raw': 'Toán, Vật lí, Hóa Học', 'code': 'A00'}, {'raw': 'Toán, Vật lí, Tiếng Anh', 'code': 'A01'}, {'raw': 'Toán, Hóa Học, Sinh Học', 'code': 'B00'}, {'raw': 'Ngữ Văn, Toán, Tiếng Anh', 'code': 'D01'}]","","",
"Điều dưỡng","7720301","19","[{'raw': 'Toán, Vật lí, Tiếng Anh', 'code': 'A01'}, {'raw': 'Toán, Hóa Học, Sinh Học', 'code': 'B00'}, {'raw': 'Ngữ Văn, Toán, Tiếng Anh', 'code': 'D01'}, {'raw': 'Toán, Sinh học, Tiếng Anh', 'code': 'D08'}]","","",
"Đông phương học","7310608","17","[{'raw': 'Toán, Vật lí, Tiếng Anh', 'code': 'A01'}, {'raw': 'Ngữ Văn, Lịch Sử, Địa lí', 'code': 'C00'}, {'raw': 'Ngữ Văn, Toán, Tiếng Anh', 'code': 'D01'}, {'raw': 'Ngữ văn, Địa lí, Tiếng Anh', 'code': 'D15'}]","","",
"Dược học","7720201","21","[{'raw': 'Toán, Vật lí, Hóa Học', 'code': 'A00'}, {'raw': 'Toán, Vật lí, Tiếng Anh', 'code': 'A01'}, {'raw': 'Toán, Hóa Học, Sinh Học', 'code': 'B00'}, {'raw': 'Toán, Hóa học, Tiếng Anh', 'code': 'D07'}]","","",
"Kiến trúc","7580101","18","[{'raw': 'Toán, Vật lí, Tiếng Anh', 'code': 'A01'}, {'raw': 'Ngữ văn, Toán, Vật lí', 'code': 'C01'}, {'raw': 'Toán, Ngữ văn, Vẽ', 'code': 'H01'}, {'raw': 'Toán, Vật lí, Vẽ Hình họa mỹ thuật', 'code': 'V00'}]","","",
"Luật kinh tế","7380107","17","[{'raw': 'Toán, Vật lí, Hóa Học', 'code': 'A00'}, {'raw': 'Ngữ Văn, Lịch Sử, Địa lí', 'code': 'C00'}, {'raw': 'Ngữ văn, Địa lí, Giáo dục công dân', 'code': 'C20'}, {'raw': 'Ngữ Văn, Toán, Tiếng Anh', 'code': 'D01'}]","","",
"Ngôn ngữ Anh","7220201","17","[{'raw': 'Toán, Vật lí, Tiếng Anh', 'code': 'A01'}, {'raw': 'Ngữ Văn, Toán, Tiếng Anh', 'code': 'D01'}, {'raw': 'Ngữ văn, Lịch sử, Tiếng Anh', 'code': 'D14'}, {'raw': 'Ngữ văn, Địa lí, Tiếng Anh', 'code': 'D15'}]","","",
"Quản trị doanh nghiệp","7340101","17","[{'raw': 'Toán, Vật lí, Hóa Học', 'code': 'A00'}, {'raw': 'Toán, Vật lí, Tiếng Anh', 'code': 'A01'}, {'raw': 'Ngữ Văn, Lịch Sử, Địa lí', 'code': 'C00'}, {'raw': 'Ngữ Văn, Toán, Tiếng Anh', 'code': 'D01'}]","","",
"Quan hệ công chúng","7320108","17","[{'raw': 'Toán, Vật lí, Hóa Học', 'code': 'A00'}, {'raw': 'Toán, Vật lí, Tiếng Anh', 'code': 'A01'}, {'raw': 'Ngữ Văn, Lịch Sử, Địa lí', 'code': 'C00'}, {'raw': 'Ngữ Văn, Toán, Tiếng Anh', 'code': 'D01'}]","","",
"Quản trị dịch vụ du lịch và lữ hành","7810103","17","[{'raw': 'Toán, Vật lí, Hóa Học', 'code': 'A00'}, {'raw': 'Ngữ Văn, Lịch Sử, Địa lí', 'code': 'C00'}, {'raw': 'Ngữ Văn, Toán, Tiếng Anh', 'code': 'D01'}, {'raw': 'Ngữ văn, Địa lí, Tiếng Anh', 'code': 'D15'}]","","",
"Tâm lý học","7310401","17","[{'raw': 'Toán, Vật lí, Hóa Học', 'code': 'A00'}, {'raw': 'Toán, Hóa Học, Sinh Học', 'code': 'B00'}, {'raw': 'Ngữ Văn, Lịch Sử, Địa lí', 'code': 'C00'}, {'raw': 'Ngữ Văn, Toán, Tiếng Anh', 'code': 'D01'}]","","",
"Thiết kế nội thất","7580108","18","[{'raw': 'Toán, Vật lí, Tiếng Anh', 'code': 'A01'}, {'raw': 'Ngữ văn, Toán, Vật lí', 'code': 'C01'}, {'raw': 'Toán, Ngữ văn, Vẽ', 'code': 'H01'}, {'raw': 'Toán, Vật lí, Vẽ Hình họa mỹ thuật', 'code': 'V00'}]","","",
