"Tên","Mã","Điểm đầu vào","Môn thi","Học phí","Ghi chú",
"Giáo dục Thể chất","7140206","25","[{'raw': 'Toán, Sinh học, Ngữ văn', 'code': 'B03'}, {'raw': 'Ngữ Văn, Lịch Sử, Địa lí', 'code': 'C00'}, {'raw': 'Ngữ văn, Toán, Giáo dục công dân', 'code': 'C14'}, {'raw': 'Ngữ văn, Địa lí, Giáo dục công dân', 'code': 'C20'}]","","",
"Giáo dục Chính trị","7140205","26.68","[{'raw': 'Ngữ Văn, Lịch Sử, Địa lí', 'code': 'C00'}, {'raw': 'Ngữ văn, Toán, Giáo dục công dân', 'code': 'C14'}, {'raw': 'Ngữ văn, Lịch sử, Giáo dục công dân', 'code': 'C19'}, {'raw': 'Ngữ văn, Địa lí, Giáo dục công dân', 'code': 'C20'}]","","",
"Giáo dục Mầm non","7140201","26.62","[{'raw': 'Ngữ văn, Toán, Giáo dục công dân', 'code': 'C14'}, {'raw': 'Ngữ văn, Lịch sử, Giáo dục công dân', 'code': 'C19'}, {'raw': 'Ngữ văn, Địa lí, Giáo dục công dân', 'code': 'C20'}, {'raw': 'Ngữ văn, Giáo dục công dân, Tiếng Anh', 'code': 'D66'}]","","",
"Giáo dục Tiểu học","7140202","24.55","[{'raw': 'Ngữ Văn, Toán, Tiếng Anh', 'code': 'D01'}]","","",
"Giáo dục học","7140101","23","[{'raw': 'Ngữ văn, Toán, Giáo dục công dân', 'code': 'C14'}, {'raw': 'Ngữ văn, Lịch sử, Giáo dục công dân', 'code': 'C19'}, {'raw': 'Ngữ văn, Địa lí, Giáo dục công dân', 'code': 'C20'}, {'raw': 'Ngữ văn, Giáo dục công dân, Tiếng Anh', 'code': 'D66'}]","","",
"Sư phạm Lịch sử - Địa lý","7140249","26.25","[{'raw': 'Ngữ Văn, Lịch Sử, Địa lí', 'code': 'C00'}, {'raw': 'Ngữ văn, Lịch sử, Tiếng Anh', 'code': 'D14'}, {'raw': 'Ngữ văn, Địa lí, Tiếng Anh', 'code': 'D15'}]","","",
"Sư phạm Sinh học","7140213","23.3","[{'raw': 'Toán, Hóa Học, Sinh Học', 'code': 'B00'}, {'raw': 'Toán, Sinh học, Tiếng Anh', 'code': 'B08'}]","","",
"Sư phạm Tiếng Anh","7140231","25.88","[{'raw': 'Ngữ Văn, Toán, Tiếng Anh', 'code': 'D01'}, {'raw': 'Toán, Lịch sử, Tiếng Anh', 'code': 'D09'}, {'raw': 'Ngữ văn, Địa lí, Tiếng Anh', 'code': 'D15'}]","","",
"Sư phạm Tin học (Chuyên ngành Tin học – Công nghệ Tiểu học)","7140210","21.7","[{'raw': 'Toán, Vật lí, Hóa Học', 'code': 'A00'}, {'raw': 'Toán, Vật lí, Tiếng Anh', 'code': 'A01'}, {'raw': 'Ngữ Văn, Toán, Tiếng Anh', 'code': 'D01'}]","","",
"Sư phạm Lịch sử","7140218","28","[{'raw': 'Ngữ Văn, Lịch Sử, Địa lí', 'code': 'C00'}, {'raw': 'Ngữ văn, Lịch sử, Giáo dục công dân', 'code': 'C19'}, {'raw': 'Ngữ văn, Lịch sử, Tiếng Anh', 'code': 'D14'}]","","",
"Sư phạm Ngữ văn","7140217","26.85","[{'raw': 'Ngữ Văn, Lịch Sử, Địa lí', 'code': 'C00'}, {'raw': 'Ngữ văn, Toán, Giáo dục công dân', 'code': 'C14'}, {'raw': 'Ngữ Văn, Toán, Tiếng Anh', 'code': 'D01'}]","","",
"Sư phạm Địa lý","7140219","26.73","[{'raw': 'Ngữ Văn, Lịch Sử, Địa lí', 'code': 'C00'}, {'raw': 'Ngữ văn, Toán, Địa lí', 'code': 'C04'}, {'raw': 'Ngữ Văn, Toán, Tiếng Anh', 'code': 'D01'}, {'raw': 'Toán, Địa lí, Tiếng Anh', 'code': 'D10'}]","","",
"Sư phạm Toán học","7140209","25.43","[{'raw': 'Toán, Vật lí, Hóa Học', 'code': 'A00'}, {'raw': 'Toán, Vật lí, Tiếng Anh', 'code': 'A01'}, {'raw': 'Ngữ Văn, Toán, Tiếng Anh', 'code': 'D01'}]","","",
"Sư phạm Hóa học","7140212","24.8","[{'raw': 'Toán, Vật lí, Hóa Học', 'code': 'A00'}, {'raw': 'Toán, Hóa Học, Sinh Học', 'code': 'B00'}, {'raw': 'Ngữ Văn, Toán, Tiếng Anh', 'code': 'D01'}, {'raw': 'Toán, Hóa học, Tiếng Anh', 'code': 'D07'}]","","",
"Sư phạm khoa học tự nhiên","7140247","22.75","[{'raw': 'Toán, Vật lí, Hóa Học', 'code': 'A00'}, {'raw': 'Toán, Hóa Học, Sinh Học', 'code': 'B00'}]","","",
"Sư phạm Vật lý","7140211","24.47","[{'raw': 'Toán, Vật lí, Hóa Học', 'code': 'A00'}, {'raw': 'Toán, Vật lí, Tiếng Anh', 'code': 'A01'}, {'raw': 'Ngữ Văn, Toán, Tiếng Anh', 'code': 'D01'}]","","",
"Tâm lý học giáo dục","7310403","24","[{'raw': 'Toán, Hóa Học, Sinh Học', 'code': 'B00'}, {'raw': 'Ngữ Văn, Lịch Sử, Địa lí', 'code': 'C00'}, {'raw': 'Ngữ văn, Toán, Giáo dục công dân', 'code': 'C14'}, {'raw': 'Ngữ văn, Địa lí, Giáo dục công dân', 'code': 'C20'}]","","",
