"Tên","Mã","Điểm đầu vào","Môn thi","Học phí","Ghi chú",
"Bảo vệ thực vật","7620112","15","[{'raw': 'Toán, Vật lí, Hóa Học', 'code': 'A00'}, {'raw': 'Toán, Hóa Học, Sinh Học', 'code': 'B00'}, {'raw': 'Toán, Sinh học, Giáo dục công dân', 'code': 'B04'}, {'raw': 'Toán, Sinh học, Tiếng Anh', 'code': 'D08'}]","","",
"Bất động sản","7340116","15","[{'raw': 'Toán, Vật lí, Hóa Học', 'code': 'A00'}, {'raw': 'Toán, Hóa Học, Sinh Học', 'code': 'B00'}, {'raw': 'Ngữ Văn, Lịch Sử, Địa lí', 'code': 'C00'}, {'raw': 'Ngữ văn, Toán, Địa lí', 'code': 'C04'}]","","",
"Bệnh học thủy sản","7620302","15","[{'raw': 'Toán, Vật lí, Hóa Học', 'code': 'A00'}, {'raw': 'Toán, Hóa Học, Sinh Học', 'code': 'B00'}, {'raw': 'Ngữ Văn, Toán, Tiếng Anh', 'code': 'D01'}, {'raw': 'Toán, Sinh học, Tiếng Anh', 'code': 'D08'}]","","",
"Chăn nuôi","7620105","16","[{'raw': 'Toán, Vật lí, Hóa Học', 'code': 'A00'}, {'raw': 'Toán, Vật lí, Sinh học', 'code': 'A02'}, {'raw': 'Toán, Hóa Học, Sinh Học', 'code': 'B00'}, {'raw': 'Toán, Sinh học, Tiếng Anh', 'code': 'D08'}]","","",
"Công nghệ thực phẩm","7540101","16","[{'raw': 'Toán, Vật lí, Hóa Học', 'code': 'A00'}, {'raw': 'Toán, Hóa Học, Sinh Học', 'code': 'B00'}, {'raw': 'Toán, Sinh học, Giáo dục công dân', 'code': 'B04'}, {'raw': 'Toán, Sinh học, Tiếng Anh', 'code': 'D08'}]","","",
"Công nghệ kỹ thuật cơ khí (Chuyên ngành Công nghệ hàn)","7510201","15","[{'raw': 'Toán, Vật lí, Hóa Học', 'code': 'A00'}, {'raw': 'Toán, Vật lí, Tiếng Anh', 'code': 'A01'}, {'raw': 'Toán, Vật lí, Sinh học', 'code': 'A02'}, {'raw': 'Toán, Hóa Học, Sinh Học', 'code': 'B00'}]","","",
"Đảm bảo chất lượng và an toàn thực phẩm","7540106","15","[{'raw': 'Toán, Vật lí, Hóa Học', 'code': 'A00'}, {'raw': 'Toán, Hóa Học, Sinh Học', 'code': 'B00'}, {'raw': 'Toán, Sinh học, Giáo dục công dân', 'code': 'B04'}, {'raw': 'Toán, Sinh học, Tiếng Anh', 'code': 'D08'}]","","",
"ĐH Nuôi trồng thủy sản","7620301","15","[{'raw': 'Toán, Vật lí, Hóa Học', 'code': 'A00'}, {'raw': 'Toán, Hóa Học, Sinh Học', 'code': 'B00'}, {'raw': 'Ngữ Văn, Toán, Tiếng Anh', 'code': 'D01'}, {'raw': 'Toán, Sinh học, Tiếng Anh', 'code': 'D08'}]","","",
"Khoa học cây trồng","7620110","15","[{'raw': 'Toán, Vật lí, Hóa Học', 'code': 'A00'}, {'raw': 'Toán, Hóa Học, Sinh Học', 'code': 'B00'}, {'raw': 'Toán, Sinh học, Giáo dục công dân', 'code': 'B04'}, {'raw': 'Toán, Sinh học, Tiếng Anh', 'code': 'D08'}]","","",
"Khuyến nông","7620102","15","[{'raw': 'Toán, Lịch sử, Địa lí', 'code': 'A07'}, {'raw': 'Toán, Sinh học, Giáo dục công dân', 'code': 'B04'}, {'raw': 'Ngữ Văn, Lịch Sử, Địa lí', 'code': 'C00'}, {'raw': 'Ngữ văn, Toán, Địa lí', 'code': 'C04'}]","","",
"Kinh doanh và khởi nghiệp nông thôn","7620119","15","[{'raw': 'Toán, Lịch sử, Địa lí', 'code': 'A07'}, {'raw': 'Ngữ Văn, Lịch Sử, Địa lí', 'code': 'C00'}, {'raw': 'Ngữ văn, Toán, Địa lí', 'code': 'C04'}, {'raw': 'Toán, Địa lí, Tiếng Anh', 'code': 'D10'}]","","",
"Kỹ thuật cơ sở hạ tầng","7580210","15","[{'raw': 'Toán, Vật lí, Hóa Học', 'code': 'A00'}, {'raw': 'Toán, Vật lí, Tiếng Anh', 'code': 'A01'}, {'raw': 'Toán, Vật lí, Sinh học', 'code': 'A02'}, {'raw': 'Toán, Hóa Học, Sinh Học', 'code': 'B00'}]","","",
"Kỹ thuật cơ điện tử","7520114","15","[{'raw': 'Toán, Vật lí, Hóa Học', 'code': 'A00'}, {'raw': 'Toán, Vật lí, Tiếng Anh', 'code': 'A01'}, {'raw': 'Toán, Vật lí, Sinh học', 'code': 'A02'}, {'raw': 'Toán, Hóa Học, Sinh Học', 'code': 'B00'}]","","",
"Lâm nghiệp","7620210","15","[{'raw': 'Toán, Vật lí, Hóa Học', 'code': 'A00'}, {'raw': 'Toán, Vật lí, Sinh học', 'code': 'A02'}, {'raw': 'Toán, Hóa Học, Sinh Học', 'code': 'B00'}, {'raw': 'Toán, Sinh học, Giáo dục công dân', 'code': 'B04'}]","","",
"Nông học","7620109","15","[{'raw': 'Toán, Vật lí, Hóa Học', 'code': 'A00'}, {'raw': 'Toán, Hóa Học, Sinh Học', 'code': 'B00'}, {'raw': 'Toán, Sinh học, Giáo dục công dân', 'code': 'B04'}, {'raw': 'Toán, Sinh học, Tiếng Anh', 'code': 'D08'}]","","",
"Nông nghiệp công nghệ cao","7620118","15","[{'raw': 'Toán, Vật lí, Hóa Học', 'code': 'A00'}, {'raw': 'Toán, Hóa Học, Sinh Học', 'code': 'B00'}, {'raw': 'Toán, Sinh học, Giáo dục công dân', 'code': 'B04'}, {'raw': 'Toán, Sinh học, Tiếng Anh', 'code': 'D08'}]","","",
"Phát triển nông thôn","7620116","15","[{'raw': 'Toán, Lịch sử, Địa lí', 'code': 'A07'}, {'raw': 'Toán, Sinh học, Giáo dục công dân', 'code': 'B04'}, {'raw': 'Ngữ Văn, Lịch Sử, Địa lí', 'code': 'C00'}, {'raw': 'Ngữ văn, Toán, Địa lí', 'code': 'C04'}]","","",
"Quản lý thủy sản","7620305","15","[{'raw': 'Toán, Vật lí, Hóa Học', 'code': 'A00'}, {'raw': 'Toán, Hóa Học, Sinh Học', 'code': 'B00'}, {'raw': 'Ngữ Văn, Toán, Tiếng Anh', 'code': 'D01'}, {'raw': 'Toán, Sinh học, Tiếng Anh', 'code': 'D08'}]","","",
"Quản lý đất đai","7850103","15","[{'raw': 'Toán, Vật lí, Hóa Học', 'code': 'A00'}, {'raw': 'Toán, Hóa Học, Sinh Học', 'code': 'B00'}, {'raw': 'Ngữ Văn, Lịch Sử, Địa lí', 'code': 'C00'}, {'raw': 'Ngữ văn, Toán, Địa lí', 'code': 'C04'}]","","",
"Quản lý tài nguyên rừng","7620211","15","[{'raw': 'Toán, Vật lí, Hóa Học', 'code': 'A00'}, {'raw': 'Toán, Vật lí, Sinh học', 'code': 'A02'}, {'raw': 'Toán, Hóa Học, Sinh Học', 'code': 'B00'}, {'raw': 'Toán, Sinh học, Giáo dục công dân', 'code': 'B04'}]","","",
"Thú y","7640101","18","[{'raw': 'Toán, Vật lí, Hóa Học', 'code': 'A00'}, {'raw': 'Toán, Vật lí, Sinh học', 'code': 'A02'}, {'raw': 'Toán, Hóa Học, Sinh Học', 'code': 'B00'}, {'raw': 'Toán, Sinh học, Tiếng Anh', 'code': 'D08'}]","","",
