"Tên","Mã","Điểm đầu vào","Môn thi","Học phí","Ghi chú",
"Công nghệ thông tin","7480201","24.02","[{'raw': 'Toán, Vật lí, Hóa Học', 'code': 'A00'}, {'raw': 'Toán, Vật lí, Tiếng Anh', 'code': 'A01'}]","","",
"Điều dưỡng","7720301","19","[{'raw': 'Toán, Hóa Học, Sinh Học', 'code': 'B00'}]","","",
"Hệ thống thông tin","7480104","23.29","[{'raw': 'Toán, Vật lí, Hóa Học', 'code': 'A00'}, {'raw': 'Toán, Vật lí, Tiếng Anh', 'code': 'A01'}]","","",
"Kế toán","7340301","24.35","[{'raw': 'Toán, Vật lí, Hóa Học', 'code': 'A00'}, {'raw': 'Toán, Vật lí, Tiếng Anh', 'code': 'A01'}, {'raw': 'Ngữ Văn, Toán, Tiếng Anh', 'code': 'D01'}, {'raw': 'Toán, Khoa học tự nhiên, Tiếng Anh', 'code': 'D90'}]","","",
"Khoa học máy tính","7480101","23.66","[{'raw': 'Toán, Vật lí, Hóa Học', 'code': 'A00'}, {'raw': 'Toán, Vật lí, Tiếng Anh', 'code': 'A01'}]","","",
"Kinh tế quốc tế","7340106","24.78","[{'raw': 'Toán, Vật lí, Hóa Học', 'code': 'A00'}, {'raw': 'Toán, Vật lí, Tiếng Anh', 'code': 'A01'}, {'raw': 'Ngữ Văn, Toán, Tiếng Anh', 'code': 'D01'}, {'raw': 'Toán, Khoa học tự nhiên, Tiếng Anh', 'code': 'D90'}]","","",
"Logistics và Quản lý chuỗi cung ứng","7510605","24.77","[{'raw': 'Toán, Vật lí, Hóa Học', 'code': 'A00'}, {'raw': 'Toán, Vật lí, Tiếng Anh', 'code': 'A01'}, {'raw': 'Ngữ Văn, Toán, Tiếng Anh', 'code': 'D01'}, {'raw': 'Toán, Khoa học tự nhiên, Tiếng Anh', 'code': 'D90'}]","","",
"Luật kinh tế","7380107","23.96","[{'raw': 'Toán, Vật lí, Hóa Học', 'code': 'A00'}, {'raw': 'Toán, Vật lí, Tiếng Anh', 'code': 'A01'}, {'raw': 'Ngữ Văn, Lịch Sử, Địa lí', 'code': 'C00'}, {'raw': 'Ngữ Văn, Toán, Tiếng Anh', 'code': 'D01'}]","","",
"Mạng máy tính và truyền thông dữ liệu","7480102","23.46","[{'raw': 'Toán, Vật lí, Hóa Học', 'code': 'A00'}, {'raw': 'Toán, Vật lí, Tiếng Anh', 'code': 'A01'}]","","",
"Marketing (dạy bằng tiếng Anh)","7340115","25.41","[{'raw': 'Toán, Vật lí, Hóa Học', 'code': 'A00'}, {'raw': 'Toán, Vật lí, Tiếng Anh', 'code': 'A01'}, {'raw': 'Ngữ Văn, Toán, Tiếng Anh', 'code': 'D01'}, {'raw': 'Toán, Khoa học tự nhiên, Tiếng Anh', 'code': 'D90'}]","","",
"Ngôn ngữ Hàn Quốc","7220210","24.91","[{'raw': 'Ngữ Văn, Toán, Tiếng Anh', 'code': 'D01'}, {'raw': 'Ngữ văn, Khoa học xã hội, Tiếng Anh', 'code': 'D78'}, {'raw': 'Toán, Khoa học xã hội, Anh', 'code': 'D96'}]","","",
"Ngôn ngữ Trung Quốc","7220204","25.18","[{'raw': 'Ngữ Văn, Toán, Tiếng Anh', 'code': 'D01'}, {'raw': 'Ngữ văn, Toán, Tiếng Trung', 'code': 'D04'}, {'raw': 'Ngữ văn, Khoa học xã hội, Tiếng Anh', 'code': 'D78'}, {'raw': 'Toán, Khoa học xã hội, Anh', 'code': 'D96'}]","","",
"Ngôn ngữ Nhật","7220209","23.63","[{'raw': 'Ngữ Văn, Toán, Tiếng Anh', 'code': 'D01'}, {'raw': 'Ngữ văn, Toán, Tiếng Nhật', 'code': 'D06'}, {'raw': 'Ngữ văn, Khoa học xã hội, Tiếng Anh', 'code': 'D78'}, {'raw': 'Toán, Khoa học xã hội, Anh', 'code': 'D96'}]","","",
"Ngôn ngữ Anh","7220201","24.5","[{'raw': 'Ngữ Văn, Toán, Tiếng Anh', 'code': 'D01'}, {'raw': 'Ngữ văn, Khoa học xã hội, Tiếng Anh', 'code': 'D78'}, {'raw': 'Toán, Khoa học xã hội, Anh', 'code': 'D96'}]","","",
"Quản trị dịch vụ du lịch và lữ hành","7810103","23.84","[{'raw': 'Toán, Vật lí, Hóa Học', 'code': 'A00'}, {'raw': 'Toán, Vật lí, Tiếng Anh', 'code': 'A01'}, {'raw': 'Ngữ Văn, Lịch Sử, Địa lí', 'code': 'C00'}, {'raw': 'Ngữ Văn, Toán, Tiếng Anh', 'code': 'D01'}]","","",
"Quản trị doanh nghiệp","7340101","24.54","[{'raw': 'Toán, Vật lí, Hóa Học', 'code': 'A00'}, {'raw': 'Toán, Vật lí, Tiếng Anh', 'code': 'A01'}, {'raw': 'Ngữ Văn, Toán, Tiếng Anh', 'code': 'D01'}, {'raw': 'Toán, Khoa học tự nhiên, Tiếng Anh', 'code': 'D90'}]","","",
"Quản trị khách sạn","7810201","24.1","[{'raw': 'Toán, Vật lí, Hóa Học', 'code': 'A00'}, {'raw': 'Toán, Vật lí, Tiếng Anh', 'code': 'A01'}, {'raw': 'Ngữ Văn, Lịch Sử, Địa lí', 'code': 'C00'}, {'raw': 'Ngữ Văn, Toán, Tiếng Anh', 'code': 'D01'}]","","",
"Tài chính – Ngân hàng","7340201","24.49","[{'raw': 'Toán, Vật lí, Hóa Học', 'code': 'A00'}, {'raw': 'Toán, Vật lí, Tiếng Anh', 'code': 'A01'}, {'raw': 'Ngữ Văn, Toán, Tiếng Anh', 'code': 'D01'}, {'raw': 'Toán, Khoa học tự nhiên, Tiếng Anh', 'code': 'D90'}]","","",
"Thiết kế đồ họa","7210403","18","[{'raw': 'Ngữ văn, Năng khiếu vẽ Nghệ thuật 1, Năng khiếu vẽ Nghệ thuật', 'code': 'H00'}, {'raw': 'Toán, Ngữ văn, Vẽ', 'code': 'H01'}, {'raw': 'Toán, Tiếng Anh, Vẽ Năng khiếu', 'code': 'H04'}, {'raw': 'Toán, Vật lí, Vẽ Hình họa mỹ thuật', 'code': 'V00'}]","","",
"Thương mại điện tử","7340122","24.97","[{'raw': 'Toán, Vật lí, Hóa Học', 'code': 'A00'}, {'raw': 'Toán, Vật lí, Tiếng Anh', 'code': 'A01'}, {'raw': 'Ngữ Văn, Toán, Tiếng Anh', 'code': 'D01'}, {'raw': 'Toán, Khoa học tự nhiên, Tiếng Anh', 'code': 'D90'}]","","",
"Trí tuệ nhân tạo","7480207","22.93","[{'raw': 'Toán, Vật lí, Hóa Học', 'code': 'A00'}, {'raw': 'Toán, Vật lí, Tiếng Anh', 'code': 'A01'}]","","",
"Truyền thông đa phương tiện","7320104","25.89","[{'raw': 'Toán, Vật lí, Hóa Học', 'code': 'A00'}, {'raw': 'Toán, Vật lí, Tiếng Anh', 'code': 'A01'}, {'raw': 'Ngữ Văn, Lịch Sử, Địa lí', 'code': 'C00'}, {'raw': 'Ngữ Văn, Toán, Tiếng Anh', 'code': 'D01'}]","","",
"Việt Nam học","7310630D","22.5","[{'raw': 'Ngữ Văn, Lịch Sử, Địa lí', 'code': 'C00'}, {'raw': 'Ngữ Văn, Toán, Tiếng Anh', 'code': 'D01'}, {'raw': 'Ngữ văn, Lịch sử, Tiếng Anh', 'code': 'D14'}, {'raw': 'Ngữ văn, Địa lí, Tiếng Anh', 'code': 'D15'}]","","",
