"Tên","Mã","Điểm đầu vào","Môn thi","Học phí","Ghi chú",
"Điều dưỡng chuyên ngành Hộ sinh &lpar;Chỉ tuyển nữ&rpar;","7720501_02 &lpar;trước 2023&rpar;","26.75","[{'raw': 'Toán, Hóa Học, Sinh Học', 'code': 'B00'}]","","Sửa tên: Ngành Răng - Hàm - Mặt kết hợp chứng chỉ tiếng Anh quốc tế",
"Điều dưỡng (Kết hợp chứng chỉ tiếng Anh quốc tế)","7720301_04","21.6","[{'raw': 'Toán, Vật lí, Hóa Học', 'code': 'A00'}, {'raw': 'Toán, Hóa Học, Sinh Học', 'code': 'B00'}]","","",
"Điều dưỡng chuyên ngành Hộ sinh &lpar;Chỉ tuyển nữ&rpar;","7720501_02 &lpar;trước 2023&rpar;","26.96","[{'raw': 'Toán, Hóa Học, Sinh Học', 'code': 'B00'}]","","",
"Điều dưỡng","7720301","23.15","[{'raw': 'Toán, Vật lí, Hóa Học', 'code': 'A00'}, {'raw': 'Toán, Hóa Học, Sinh Học', 'code': 'B00'}]","","",
"Điều dưỡng chuyên ngành Gây mê hồi sức","7720301_03","23.88","[{'raw': 'Toán, Vật lí, Hóa Học', 'code': 'A00'}, {'raw': 'Toán, Hóa Học, Sinh Học', 'code': 'B00'}]","","",
"Dinh dưỡng","7720401","23.4","[{'raw': 'Toán, Vật lí, Hóa Học', 'code': 'A00'}, {'raw': 'Toán, Hóa Học, Sinh Học', 'code': 'B00'}]","","",
"Dinh dưỡng (kết hợp sơ tuyển chứng chỉ tiếng Anh quốc tế)","7720401_02","21.45","[{'raw': 'Toán, Vật lí, Hóa Học', 'code': 'A00'}, {'raw': 'Toán, Hóa Học, Sinh Học', 'code': 'B00'}]","","",
"Dược học (Kết hợp chứng chỉ tiếng Anh quốc tế)","7720201_02","24","[{'raw': 'Toán, Vật lí, Hóa Học', 'code': 'A00'}, {'raw': 'Toán, Hóa Học, Sinh Học', 'code': 'B00'}]","","",
"Dược học","7720201","25.5","[{'raw': 'Toán, Vật lí, Hóa Học', 'code': 'A00'}, {'raw': 'Toán, Hóa Học, Sinh Học', 'code': 'B00'}]","","",
"Hộ sinh &lpar;Kết hợp sơ tuyển chứng chỉ tiếng Anh quốc tế&rpar;","7720302_02","23","[{'raw': 'Toán, Vật lí, Hóa Học', 'code': 'A00'}, {'raw': 'Toán, Hóa Học, Sinh Học', 'code': 'B00'}]","","",
"Hộ sinh","7720302","21.35","[{'raw': 'Toán, Vật lí, Hóa Học', 'code': 'A00'}, {'raw': 'Toán, Hóa Học, Sinh Học', 'code': 'B00'}]","","",
"Kỹ thuật hình ảnh y học","7720602","23.85","[{'raw': 'Toán, Vật lí, Hóa Học', 'code': 'A00'}, {'raw': 'Toán, Hóa Học, Sinh Học', 'code': 'B00'}]","","",
"Kỹ thuật phục hình răng","7720502","24.54","[{'raw': 'Toán, Vật lí, Hóa Học', 'code': 'A00'}, {'raw': 'Toán, Hóa Học, Sinh Học', 'code': 'B00'}]","","",
"Kỹ thuật phục hồi chức năng","7720603","23.35","[{'raw': 'Toán, Vật lí, Hóa Học', 'code': 'A00'}, {'raw': 'Toán, Hóa Học, Sinh Học', 'code': 'B00'}]","","",
"Kỹ thuật xét nghiệm y học","7720601","24.59","[{'raw': 'Toán, Vật lí, Hóa Học', 'code': 'A00'}, {'raw': 'Toán, Hóa Học, Sinh Học', 'code': 'B00'}]","","",
"Kỹ thuật phục hình răng (kết hợp sơ tuyển chứng chỉ tiếng Anh quốc tế)","7720502_02","22.55","[{'raw': 'Toán, Vật lí, Hóa Học', 'code': 'A00'}, {'raw': 'Toán, Hóa Học, Sinh Học', 'code': 'B00'}]","","",
"Răng- Hàm -Mặt","7720501","26.96","[{'raw': 'Toán, Hóa Học, Sinh Học', 'code': 'B00'}]","","",
"Y khoa","7720101","27.34","[{'raw': 'Toán, Hóa Học, Sinh Học', 'code': 'B00'}]","","",
"Y học dự phòng","7720110","22.65","[{'raw': 'Toán, Hóa Học, Sinh Học', 'code': 'B00'}]","","",
"Y tế công cộng","7720701","19","[{'raw': 'Toán, Vật lí, Hóa Học', 'code': 'A00'}, {'raw': 'Toán, Hóa Học, Sinh Học', 'code': 'B00'}]","","",
"Y học cổ truyền","7720115","24.54","[{'raw': 'Toán, Hóa Học, Sinh Học', 'code': 'B00'}]","","",
"Y khoa (có CC Tiếng Anh)","7720101_02","27.1","[{'raw': 'Toán, Hóa Học, Sinh Học', 'code': 'B00'}]","","",
"Y học dự phòng (kết hợp sơ tuyển chứng chỉ tiếng Anh quốc tế)","7720110_02","23.45","[{'raw': 'Toán, Vật lí, Hóa Học', 'code': 'A00'}, {'raw': 'Toán, Hóa Học, Sinh Học', 'code': 'B00'}]","","",
"Y tế công cộng (kết hợp sơ tuyển chứng chỉ tiếng Anh quốc tế)","7720701_02","19","[{'raw': 'Toán, Vật lí, Hóa Học', 'code': 'A00'}, {'raw': 'Toán, Hóa Học, Sinh Học', 'code': 'B00'}]","","",
"Y học cổ truyền (kết hợp sơ tuyển chứng chỉ tiếng Anh quốc tế)","7720115_02","23.5","[{'raw': 'Toán, Hóa Học, Sinh Học', 'code': 'B00'}]","","",
