"Tên","Mã","Điểm đầu vào","Môn thi","Học phí","Ghi chú",
"Chuyên ngành kỹ thuật oto","7520103_04","23.37","[{'raw': 'Toán, Vật lí, Hóa Học', 'code': 'A00'}, {'raw': 'Toán, Vật lí, Tiếng Anh', 'code': 'A01'}, {'raw': 'Toán, Hóa học, Tiếng Anh', 'code': 'D07'}]","","",
"Chuyên ngành quản lý hạ tầng đất đai đô thi","7580302_03","19.4","[{'raw': 'Toán, Vật lí, Hóa Học', 'code': 'A00'}, {'raw': 'Toán, Vật lí, Tiếng Anh', 'code': 'A01'}, {'raw': 'Ngữ Văn, Toán, Tiếng Anh', 'code': 'D01'}, {'raw': 'Toán, Hóa học, Tiếng Anh', 'code': 'D07'}]","","",
"Công nghệ thông tin","7480201","24.25","[{'raw': 'Toán, Vật lí, Hóa Học', 'code': 'A00'}, {'raw': 'Toán, Vật lí, Tiếng Anh', 'code': 'A01'}, {'raw': 'Ngữ Văn, Toán, Tiếng Anh', 'code': 'D01'}, {'raw': 'Toán, Hóa học, Tiếng Anh', 'code': 'D07'}]","","",
"Công nghệ kỹ thuật vật liệu xây dựng","7510105","17","[{'raw': 'Toán, Vật lí, Hóa Học', 'code': 'A00'}, {'raw': 'Toán, Vật lí, Tiếng Anh', 'code': 'A01'}, {'raw': 'Toán, Hóa Học, Sinh Học', 'code': 'B00'}, {'raw': 'Toán, Hóa học, Tiếng Anh', 'code': 'D07'}]","","",
"Khoa học máy tính","7480101","23.91","[{'raw': 'Toán, Vật lí, Hóa Học', 'code': 'A00'}, {'raw': 'Toán, Vật lí, Tiếng Anh', 'code': 'A01'}, {'raw': 'Ngữ Văn, Toán, Tiếng Anh', 'code': 'D01'}, {'raw': 'Toán, Hóa học, Tiếng Anh', 'code': 'D07'}]","","",
"Khoa học máy tính (LK với ĐH Frostburg )","7480101_QT","22.9","[{'raw': 'Toán, Vật lí, Hóa Học', 'code': 'A00'}, {'raw': 'Toán, Vật lí, Tiếng Anh', 'code': 'A01'}, {'raw': 'Ngữ Văn, Toán, Tiếng Anh', 'code': 'D01'}, {'raw': 'Toán, Hóa học, Tiếng Anh', 'code': 'D07'}]","","",
"Kiến trúc nội thất (Hệ 5 năm; tốt nghiệp cấp bằng kiến trúc sư)","7580103","21.53","[{'raw': 'Toán, Vật lí, Vẽ Hình họa mỹ thuật', 'code': 'V00'}, {'raw': 'VẼ MT, Toán, Tiếng Anh', 'code': 'V02'}]","","",
"Kiến trúc cảnh quan","7580102","19.23","[{'raw': 'Toán, Vật lí, Vẽ Hình họa mỹ thuật', 'code': 'V00'}, {'raw': 'VẼ MT, Toán, Tiếng Anh', 'code': 'V02'}, {'raw': 'Toán, Địa lí, Vẽ mỹ thuật', 'code': 'V06'}]","","",
"Kiến trúc (chuyên ngành: Kiến trúc công nghệ)","7580101_02","20.64","[{'raw': 'Toán, Vật lí, Vẽ Hình họa mỹ thuật', 'code': 'V00'}, {'raw': 'VẼ MT, Toán, Tiếng Anh', 'code': 'V02'}]","","",
"Kiến trúc","7580101","21.05","[{'raw': 'Toán, Vật lí, Vẽ Hình họa mỹ thuật', 'code': 'V00'}, {'raw': 'VẼ MT, Toán, Tiếng Anh', 'code': 'V02'}, {'raw': 'Toán, tiếng Pháp, Vẽ mỹ thuật', 'code': 'V10'}]","","",
"Kinh tế xây dựng","7580301","22.4","[{'raw': 'Toán, Vật lí, Hóa Học', 'code': 'A00'}, {'raw': 'Toán, Vật lí, Tiếng Anh', 'code': 'A01'}, {'raw': 'Ngữ Văn, Toán, Tiếng Anh', 'code': 'D01'}, {'raw': 'Toán, Hóa học, Tiếng Anh', 'code': 'D07'}]","","",
"Kỹ thuật cơ khí","7520103","22.65","[{'raw': 'Toán, Vật lí, Hóa Học', 'code': 'A00'}, {'raw': 'Toán, Vật lí, Tiếng Anh', 'code': 'A01'}, {'raw': 'Toán, Hóa học, Tiếng Anh', 'code': 'D07'}]","","",
"Kỹ thuật xây dựng công trình Giao thông (Chuyên ngành: Xây dựng Cầu đường)","7580205_01","18","[{'raw': 'Toán, Vật lí, Hóa Học', 'code': 'A00'}, {'raw': 'Toán, Vật lí, Tiếng Anh', 'code': 'A01'}, {'raw': 'Ngữ Văn, Toán, Tiếng Anh', 'code': 'D01'}, {'raw': 'Toán, Hóa học, Tiếng Anh', 'code': 'D07'}]","","",
"Kỹ thuật công trình xây dựng (chuyên ngành: Xây dựng Dân dụng và Công nghiệp)","7580201_01","20","[{'raw': 'Toán, Vật lí, Hóa Học', 'code': 'A00'}, {'raw': 'Toán, Vật lí, Tiếng Anh', 'code': 'A01'}, {'raw': 'Toán, Hóa học, Tiếng Anh', 'code': 'D07'}, {'raw': 'Toán, Hóa học, Tiếng Pháp', 'code': 'D24'}, {'raw': 'Toán, Vật lí, Tiếng Pháp', 'code': 'D29'}]","","",
"Kỹ thuật điện","7520201","19.2","[{'raw': 'Toán, Vật lí, Hóa Học', 'code': 'A00'}, {'raw': 'Toán, Vật lí, Tiếng Anh', 'code': 'A01'}, {'raw': 'Toán, Hóa học, Tiếng Anh', 'code': 'D07'}]","","",
"Kỹ thuật cơ khí (chuyên ngành: Máy xây dựng)","7520103_01","17","[{'raw': 'Toán, Vật lí, Hóa Học', 'code': 'A00'}, {'raw': 'Toán, Vật lí, Tiếng Anh', 'code': 'A01'}, {'raw': 'Toán, Hóa học, Tiếng Anh', 'code': 'D07'}]","","",
"Kỹ thuật Cấp thoát nước (chuyên ngành: Cấp thoát nước - Môi trường nước)","7580213_01","17","[{'raw': 'Toán, Vật lí, Hóa Học', 'code': 'A00'}, {'raw': 'Toán, Vật lí, Tiếng Anh', 'code': 'A01'}, {'raw': 'Toán, Hóa Học, Sinh Học', 'code': 'B00'}, {'raw': 'Toán, Hóa học, Tiếng Anh', 'code': 'D07'}]","","",
"Kỹ thuật xây dựng (chuyên ngành: Tin học xây dựng)","7580201_03","21.2","[{'raw': 'Toán, Vật lí, Hóa Học', 'code': 'A00'}, {'raw': 'Toán, Vật lí, Tiếng Anh', 'code': 'A01'}, {'raw': 'Ngữ Văn, Toán, Tiếng Anh', 'code': 'D01'}, {'raw': 'Toán, Hóa học, Tiếng Anh', 'code': 'D07'}]","","",
"Kỹ thuật cơ khí (chuyên ngành: Kỹ thuật cơ điện)","7520103_03","22.4","[{'raw': 'Toán, Vật lí, Hóa Học', 'code': 'A00'}, {'raw': 'Toán, Vật lí, Tiếng Anh', 'code': 'A01'}, {'raw': 'Toán, Hóa học, Tiếng Anh', 'code': 'D07'}]","","",
"Kỹ thuật công trình xây dựng (chuyên ngành: Hệ thống kỹ thuật trong công trình)","7580201_02","20","[{'raw': 'Toán, Vật lí, Hóa Học', 'code': 'A00'}, {'raw': 'Toán, Vật lí, Tiếng Anh', 'code': 'A01'}, {'raw': 'Toán, Hóa học, Tiếng Anh', 'code': 'D07'}]","","",
"Kỹ thuật vật liệu","7520309","17","[{'raw': 'Toán, Vật lí, Hóa Học', 'code': 'A00'}, {'raw': 'Toán, Vật lí, Tiếng Anh', 'code': 'A01'}, {'raw': 'Toán, Hóa Học, Sinh Học', 'code': 'B00'}, {'raw': 'Toán, Hóa học, Tiếng Anh', 'code': 'D07'}]","","",
"Kỹ thuật xây dựng","7580201","17","[{'raw': 'Toán, Vật lí, Hóa Học', 'code': 'A00'}, {'raw': 'Toán, Vật lí, Tiếng Anh', 'code': 'A01'}, {'raw': 'Ngữ Văn, Toán, Tiếng Anh', 'code': 'D01'}, {'raw': 'Toán, Hóa học, Tiếng Anh', 'code': 'D07'}]","","",
"Logistics và Quản lý chuỗi cung ứng","7510605","24.49","[{'raw': 'Toán, Vật lí, Hóa Học', 'code': 'A00'}, {'raw': 'Toán, Vật lí, Tiếng Anh', 'code': 'A01'}, {'raw': 'Ngữ Văn, Toán, Tiếng Anh', 'code': 'D01'}, {'raw': 'Toán, Hóa học, Tiếng Anh', 'code': 'D07'}]","","",
"Ngành Kỹ thuật môi trường","7520320","17","[{'raw': 'Toán, Vật lí, Hóa Học', 'code': 'A00'}, {'raw': 'Toán, Vật lí, Tiếng Anh', 'code': 'A01'}, {'raw': 'Toán, Hóa Học, Sinh Học', 'code': 'B00'}, {'raw': 'Toán, Hóa học, Tiếng Anh', 'code': 'D07'}]","","",
"Ngành kỹ thuật xây dựng liên kết với Mississippi","7580201_QT","17","[{'raw': 'Toán, Vật lí, Hóa Học', 'code': 'A00'}, {'raw': 'Toán, Vật lí, Tiếng Anh', 'code': 'A01'}, {'raw': 'Ngữ Văn, Toán, Tiếng Anh', 'code': 'D01'}, {'raw': 'Toán, Hóa học, Tiếng Anh', 'code': 'D07'}]","","",
"Quản lý xây dựng (chuyên ngành:Kinh tế và Quản lý Bất động sản).","7580302_02","21.5","[{'raw': 'Toán, Vật lí, Hóa Học', 'code': 'A00'}, {'raw': 'Toán, Vật lí, Tiếng Anh', 'code': 'A01'}, {'raw': 'Ngữ Văn, Toán, Tiếng Anh', 'code': 'D01'}, {'raw': 'Toán, Hóa học, Tiếng Anh', 'code': 'D07'}]","","",
"Quản lý xây dựng (chuyên ngành: Kinh tế và Quản lý đô thị).","7580302_01","21.25","[{'raw': 'Toán, Vật lí, Hóa Học', 'code': 'A00'}, {'raw': 'Toán, Vật lí, Tiếng Anh', 'code': 'A01'}, {'raw': 'Ngữ Văn, Toán, Tiếng Anh', 'code': 'D01'}, {'raw': 'Toán, Hóa học, Tiếng Anh', 'code': 'D07'}]","","",
"Quy hoạch vùng và đô thị","7580105","17","[{'raw': 'Toán, Vật lí, Vẽ Hình họa mỹ thuật', 'code': 'V00'}, {'raw': 'Toán, Ngữ văn, Vẽ Hình họa mỹ thuật', 'code': 'V01'}, {'raw': 'VẼ MT, Toán, Tiếng Anh', 'code': 'V02'}]","","",
