"Tên","Mã","Điểm đầu vào","Môn thi","Học phí","Ghi chú",
"Công nghệ sinh học","7420201","15","[{'raw': 'Toán, Vật lí, Sinh học', 'code': 'A02'}, {'raw': 'Toán, Hóa Học, Sinh Học', 'code': 'B00'}, {'raw': 'Toán, Sinh học, Ngữ văn', 'code': 'B03'}, {'raw': 'Toán, Sinh học, Tiếng Anh', 'code': 'B08'}]","","",
"Công nghệ thông tin","7480201","15","[{'raw': 'Toán, Vật lí, Hóa Học', 'code': 'A00'}, {'raw': 'Toán, Vật lí, Tiếng Anh', 'code': 'A01'}, {'raw': 'Ngữ văn, Toán, Vật lí', 'code': 'C01'}, {'raw': 'Ngữ Văn, Toán, Tiếng Anh', 'code': 'D01'}]","","",
"Giáo dục Mầm non","7140201","23.75","[{'raw': 'Ngữ văn, Lịch sử, Năng khiếu', 'code': 'M01'}, {'raw': 'Văn, Năng khiếu 1, Năng khiếu 2', 'code': 'M03'}, {'raw': 'Toán, NK Mầm non 1( kể chuyện, đọc, diễn cảm), NK Mầm non 2 (Hát)', 'code': 'M09'}]","","",
"Giáo dục Quốc phòng - An ninh","7140208","25.57","[{'raw': 'Ngữ Văn, Lịch Sử, Địa lí', 'code': 'C00'}, {'raw': 'Ngữ văn, Lịch sử, Giáo dục công dân', 'code': 'C19'}, {'raw': 'Ngữ Văn, Toán, Tiếng Anh', 'code': 'D01'}, {'raw': 'Ngữ văn, Giáo dục công dân, Tiếng Anh', 'code': 'D66'}]","","",
"Giáo dục Công dân","7140204","26.68","[{'raw': 'Ngữ Văn, Lịch Sử, Địa lí', 'code': 'C00'}, {'raw': 'Ngữ văn, Lịch sử, Giáo dục công dân', 'code': 'C19'}, {'raw': 'Ngữ Văn, Toán, Tiếng Anh', 'code': 'D01'}, {'raw': 'Ngữ văn, Giáo dục công dân, Tiếng Anh', 'code': 'D66'}]","","",
"Giáo dục Tiểu học","7140202","26.03","[{'raw': 'Toán, Vật lí, Hóa Học', 'code': 'A00'}, {'raw': 'Toán, Vật lí, Tiếng Anh', 'code': 'A01'}, {'raw': 'Ngữ văn, Toán, Địa lí', 'code': 'C04'}, {'raw': 'Ngữ Văn, Toán, Tiếng Anh', 'code': 'D01'}]","","",
"Giáo dục Thể chất","7140206","21","[{'raw': 'Ngữ Văn, Lịch Sử, Địa lí', 'code': 'C00'}, {'raw': 'Ngữ văn, Lịch sử, Giáo dục công dân', 'code': 'C19'}, {'raw': 'Ngữ Văn, Toán, Tiếng Anh', 'code': 'D01'}, {'raw': 'Ngữ văn, Giáo dục công dân, Tiếng Anh', 'code': 'D66'}]","","",
"Ngôn ngữ Anh","7220201","25.02","[{'raw': 'Toán, Vật lí, Tiếng Anh', 'code': 'A01'}, {'raw': 'Ngữ Văn, Toán, Tiếng Anh', 'code': 'D01'}, {'raw': 'Ngữ văn, Vật lí, Tiếng Anh', 'code': 'D11'}, {'raw': 'Ngữ văn, Hóa học, Tiếng Anh', 'code': 'D12'}]","","",
"Ngôn ngữ Trung Quốc","7220204","24.63","[{'raw': 'Toán, Vật lí, Tiếng Anh', 'code': 'A01'}, {'raw': 'Ngữ Văn, Toán, Tiếng Anh', 'code': 'D01'}, {'raw': 'Ngữ văn, Toán, Tiếng Trung', 'code': 'D04'}, {'raw': 'Ngữ văn, Vật lí, Tiếng Anh', 'code': 'D11'}]","","",
"Sư phạm Toán học","7140209","26.28","[{'raw': 'Toán, Vật lí, Hóa Học', 'code': 'A00'}, {'raw': 'Toán, Vật lí, Tiếng Anh', 'code': 'A01'}, {'raw': 'Ngữ Văn, Toán, Tiếng Anh', 'code': 'D01'}, {'raw': 'Toán, Giáo dục công dân, Tiếng Anh', 'code': 'D84'}]","","",
"Sư phạm Ngữ văn","7140217","27.47","[{'raw': 'Ngữ Văn, Lịch Sử, Địa lí', 'code': 'C00'}, {'raw': 'Ngữ văn, Toán, Giáo dục công dân', 'code': 'C14'}, {'raw': 'Ngữ Văn, Toán, Tiếng Anh', 'code': 'D01'}, {'raw': 'Ngữ văn, Địa lí, Tiếng Anh', 'code': 'D15'}]","","",
"Sư phạm Tiếng Anh","7140231","26.25","[{'raw': 'Toán, Vật lí, Tiếng Anh', 'code': 'A01'}, {'raw': 'Ngữ Văn, Toán, Tiếng Anh', 'code': 'D01'}, {'raw': 'Ngữ văn, Vật lí, Tiếng Anh', 'code': 'D11'}, {'raw': 'Ngữ văn, Hóa học, Tiếng Anh', 'code': 'D12'}]","","",
"Sư phạm Vật lý","7140211","25.5","[{'raw': 'Toán, Vật lí, Hóa Học', 'code': 'A00'}, {'raw': 'Toán, Vật lí, Tiếng Anh', 'code': 'A01'}, {'raw': 'Toán, Vật lí, Địa lí', 'code': 'A04'}, {'raw': 'Ngữ văn, Toán, Vật lí', 'code': 'C01'}]","","",
"Sư phạm Lịch sử","7140218","28.58","[{'raw': 'Ngữ Văn, Lịch Sử, Địa lí', 'code': 'C00'}, {'raw': 'Ngữ văn, Toán, Lịch sử', 'code': 'C03'}, {'raw': 'Ngữ văn, Lịch sử, Giáo dục công dân', 'code': 'C19'}, {'raw': 'Ngữ văn, Lịch sử, Tiếng Anh', 'code': 'D14'}]","","",
"Sư phạm Lịch sử - Địa lý","7140249","27.43","[{'raw': 'Toán, Lịch sử, Địa lí', 'code': 'A07'}, {'raw': 'Ngữ Văn, Lịch Sử, Địa lí', 'code': 'C00'}, {'raw': 'Ngữ văn, Lịch sử, Giáo dục công dân', 'code': 'C19'}, {'raw': 'Ngữ văn, Địa lí, Giáo dục công dân', 'code': 'C20'}]","","",
"Sư phạm Tin học (Chuyên ngành Tin học – Công nghệ Tiểu học)","7140210","22.7","[{'raw': 'Toán, Vật lí, Hóa Học', 'code': 'A00'}, {'raw': 'Toán, Vật lí, Tiếng Anh', 'code': 'A01'}, {'raw': 'Ngữ văn, Toán, Vật lí', 'code': 'C01'}, {'raw': 'Ngữ Văn, Toán, Tiếng Anh', 'code': 'D01'}]","","",
"Sư phạm Sinh học","7140213","24.49","[{'raw': 'Toán, Hóa Học, Sinh Học', 'code': 'B00'}, {'raw': 'Toán, Sinh học, Địa lí', 'code': 'B02'}, {'raw': 'Toán, Sinh học, Ngữ văn', 'code': 'B03'}, {'raw': 'Toán, Sinh học, Tiếng Anh', 'code': 'D08'}]","","",
"Sư phạm Hóa học","7140212","25.29","[{'raw': 'Toán, Vật lí, Hóa Học', 'code': 'A00'}, {'raw': 'Toán, Hóa học, Địa lí', 'code': 'A06'}, {'raw': 'Toán, Hóa Học, Sinh Học', 'code': 'B00'}, {'raw': 'Toán, Hóa học, Tiếng Anh', 'code': 'D07'}]","","",
"Việt Nam học","7310630D","16.4","[{'raw': 'Ngữ Văn, Lịch Sử, Địa lí', 'code': 'C00'}, {'raw': 'Ngữ văn, Toán, Giáo dục công dân', 'code': 'C14'}, {'raw': 'Ngữ Văn, Toán, Tiếng Anh', 'code': 'D01'}, {'raw': 'Ngữ văn, Địa lí, Tiếng Anh', 'code': 'D15'}]","","",
