"Tên","Mã","Điểm đầu vào","Môn thi","Học phí","Ghi chú",
"Bảo vệ thực vật","7620112","14","[{'raw': 'Toán, Vật lí, Sinh học', 'code': 'A02'}]","","",
"Công nghệ thông tin","7480201","14","[{'raw': 'Toán, Vật lí, Hóa Học', 'code': 'A00'}]","","",
"Du lịch","7310630","14","[{'raw': 'Toán, Địa lí, Giáo dục công dân', 'code': 'A09'}]","","",
"Giáo dục Tiểu học","7140202","24.5","[{'raw': 'Toán, Vật lí, Hóa Học', 'code': 'A00'}]","","",
"Giáo dục Mầm non","7140201","21.5","[{'raw': 'Ngữ văn, Toán, Đọc diễn cảm, Hát', 'code': 'M00'}]","","",
"Lịch sử","7229010","14","[{'raw': 'Toán, Lịch sử, Giáo dục công dân', 'code': 'A08'}]","","",
"Ngôn ngữ Anh","7220201","14","[{'raw': 'Toán, Vật lí, Tiếng Anh', 'code': 'A01'}]","","",
"Sư phạm Sinh học","7140213","19","[{'raw': 'Toán, Vật lí, Sinh học', 'code': 'A02'}]","","",
"Sư phạm Toán học","7140209","23.5","[{'raw': 'Toán, Vật lí, Hóa Học', 'code': 'A00'}]","","",
"Sư phạm Vật lý","7140211","19","[{'raw': 'Toán, Vật lí, Hóa Học', 'code': 'A00'}]","","",
"Sư phạm Ngữ văn","7140217","23.75","[{'raw': 'Ngữ Văn, Lịch Sử, Địa lí', 'code': 'C00'}]","","",
