"Tên","Mã","Điểm đầu vào","Môn thi","Học phí","Ghi chú",
"Công nghệ thông tin","7480201","15","[{'raw': 'Toán, Vật lí, Hóa Học', 'code': 'A00'}]","","",
"Công nghệ kỹ thuật cơ khí (Chuyên ngành Công nghệ hàn)","7510201","15","[{'raw': 'Toán, Vật lí, Hóa Học', 'code': 'A00'}]","","",
"Giáo dục Mầm non","51140201","20.35","[{'raw': 'Ngữ văn, Toán, Đọc diễn cảm, Hát', 'code': 'M00'}]","","",
"Giáo dục Tiểu học","7140202","22.55","[{'raw': 'Toán, Vật lí, Hóa Học', 'code': 'A00'}]","","",
"Kinh tế phát triển","7310105","15","[{'raw': 'Toán, Vật lí, Giáo dục công dân', 'code': 'A10'}]","","",
"Kỹ thuật cơ điện tử","7520114","15","[{'raw': 'Toán, Vật lí, Hóa Học', 'code': 'A00'}]","","",
"Quản trị doanh nghiệp","7340101","15","[{'raw': 'Toán, Vật lí, Giáo dục công dân', 'code': 'A10'}]","","",
"Sư phạm Ngữ văn","7140217","23.2","[{'raw': 'Ngữ Văn, Lịch Sử, Địa lí', 'code': 'C00'}]","","",
"Sư phạm Toán học","7140209","22.35","[{'raw': 'Toán, Vật lí, Hóa Học', 'code': 'A00'}]","","",
"Sư phạm Tiếng Anh","7140231","23.2","[{'raw': 'Ngữ Văn, Toán, Tiếng Anh', 'code': 'D01'}]","","",
"Sư phạm Vật lý","7140211","19","[{'raw': 'Toán, Vật lí, Hóa Học', 'code': 'A00'}]","","",
"Sư phạm Tin học (Chuyên ngành Tin học – Công nghệ Tiểu học)","7140210","19","[{'raw': 'Toán, Vật lí, Hóa Học', 'code': 'A00'}]","","",
