"Tên","Mã","Điểm đầu vào","Môn thi","Học phí","Ghi chú",
"Bất động sản","7340116","15","[{'raw': 'Toán, Vật lí, Hóa Học', 'code': 'A00'}]","","",
"Công nghệ kỹ thuật ô tô","7510205","15","[{'raw': 'Toán, Vật lí, Hóa Học', 'code': 'A00'}]","","",
"Công nghệ thông tin","7480201","15","[{'raw': 'Toán, Vật lí, Hóa Học', 'code': 'A00'}]","","",
"Kế toán","7340301","15","[{'raw': 'Toán, Vật lí, Hóa Học', 'code': 'A00'}]","","",
"Kinh tế quốc tế","7310106","15","[{'raw': 'Toán, Vật lí, Hóa Học', 'code': 'A00'}]","","",
"Kỹ thuật phần mềm","7480103","15","[{'raw': 'Toán, Vật lí, Hóa Học', 'code': 'A00'}]","","",
"Logistics và Quản lý chuỗi cung ứng","7510605","15","[{'raw': 'Toán, Vật lí, Hóa Học', 'code': 'A00'}]","","",
"Luật kinh tế","7380107","15","[{'raw': 'Toán, Vật lí, Hóa Học', 'code': 'A00'}]","","",
"Ngôn ngữ Trung Quốc","7220204","15","[{'raw': 'Toán, Hóa học, Tiếng Anh', 'code': 'D07'}]","","",
"Ngôn ngữ Nga","7220202","15","[{'raw': 'Toán, Hóa học, Tiếng Anh', 'code': 'D07'}]","","",
"Ngôn ngữ Anh","7220201","15","[{'raw': 'Toán, Hóa học, Tiếng Anh', 'code': 'D07'}]","","",
"Quản trị doanh nghiệp","7340101","15","[{'raw': 'Toán, Vật lí, Hóa Học', 'code': 'A00'}]","","",
"Quản lý nhà nước","7310205","15","[{'raw': 'Toán, Vật lí, Hóa Học', 'code': 'A00'}]","","",
"Quản trị dịch vụ du lịch và lữ hành","7810103","15","[{'raw': 'Toán, Vật lí, Hóa Học', 'code': 'A00'}]","","",
"Tài chính – Ngân hàng","7340201","15","[{'raw': 'Toán, Vật lí, Hóa Học', 'code': 'A00'}]","","",
"Tài chính và Kế toán (FA)","7340202","15","[{'raw': 'Toán, Vật lí, Hóa Học', 'code': 'A00'}]","","",
