"Tên","Mã","Điểm đầu vào","Môn thi","Học phí","Ghi chú",
"Điều dưỡng","7720301","24","[{'raw': 'Toán, Hóa Học, Sinh Học', 'code': 'B00'}]","","",
"Điều dưỡng chương trình tiên tiến &lpar;kết hợp chứng chỉ ngoại ngữ quốc tế&rpar;","7720301_AP","21","[{'raw': 'Toán, Hóa Học, Sinh Học', 'code': 'B00'}]","","",
"Điều dưỡng phân hiệu Thanh Hóa","7720301YHT","19","[{'raw': 'Toán, Hóa Học, Sinh Học', 'code': 'B00'}]","","",
"Dinh dưỡng","7720401","23.19","[{'raw': 'Toán, Hóa Học, Sinh Học', 'code': 'B00'}]","","",
"Khúc xạ nhãn khoa","7720699","25.4","[{'raw': 'Toán, Hóa Học, Sinh Học', 'code': 'B00'}]","","",
"Kỹ thuật phục hồi chức năng","7720603","22.7","[{'raw': 'Toán, Hóa Học, Sinh Học', 'code': 'B00'}]","","",
"Kỹ thuật xét nghiệm y học","7720601","24.85","[{'raw': 'Toán, Hóa Học, Sinh Học', 'code': 'B00'}]","","",
"Răng - Hàm - Mặt &lpar;kết hợp chứng chỉ ngoại ngữ quốc tế&rpar;","7720501_AP","25.5","[{'raw': 'Toán, Hóa Học, Sinh Học', 'code': 'B00'}]","","",
"Răng- Hàm -Mặt","7720501","27.5","[{'raw': 'Toán, Hóa Học, Sinh Học', 'code': 'B00'}]","","",
"Y tế công cộng","7720701","20.7","[{'raw': 'Toán, Hóa Học, Sinh Học', 'code': 'B00'}]","","",
"Y khoa","7720101","27.73","[{'raw': 'Toán, Hóa Học, Sinh Học', 'code': 'B00'}]","","",
"Y khoa phân hiệu Thanh Hóa","7720101YHT","26.39","[{'raw': 'Toán, Hóa Học, Sinh Học', 'code': 'B00'}]","","",
"Y khoa (kết hợp chứng chỉ Ngoại ngữ quốc tế)","7720101_AP","26","[{'raw': 'Toán, Hóa Học, Sinh Học', 'code': 'B00'}]","","",
"Y học dự phòng","7720110","22.3","[{'raw': 'Toán, Hóa Học, Sinh Học', 'code': 'B00'}]","","",
"Y khoa phân hiệu Thanh Hóa kết hợp chứng chỉ quốc tế","7720101YHT_AP","24.25","[{'raw': 'Toán, Hóa Học, Sinh Học', 'code': 'B00'}]","","",
"Y học cổ truyền","7720115","24.77","[{'raw': 'Toán, Hóa Học, Sinh Học', 'code': 'B00'}]","","",
