"Tên","Mã","Điểm đầu vào","Môn thi","Học phí","Ghi chú",
"Bảo tàng học","7320305","22.83","[{'raw': 'Ngữ Văn, Lịch Sử, Địa lí', 'code': 'C00'}]","","",
"Báo chí","7320101","25.85","[{'raw': 'Toán, Vật lí, Hóa Học', 'code': 'A00'}, {'raw': 'Toán, Khoa học tự nhiên, Ngữ văn', 'code': 'A16'}, {'raw': 'Ngữ Văn, Toán, Tiếng Anh', 'code': 'D01'}, {'raw': 'Ngữ văn, Khoa học xã hội, Tiếng Anh', 'code': 'D78'}, {'raw': 'Toán, Khoa học xã hội, Anh', 'code': 'D96'}]","","",
"Bảo tàng học","7320305","21.83","[{'raw': 'Toán, Vật lí, Hóa Học', 'code': 'A00'}, {'raw': 'Toán, Khoa học tự nhiên, Ngữ văn', 'code': 'A16'}, {'raw': 'Ngữ Văn, Toán, Tiếng Anh', 'code': 'D01'}, {'raw': 'Ngữ văn, Khoa học xã hội, Tiếng Anh', 'code': 'D78'}, {'raw': 'Toán, Khoa học xã hội, Anh', 'code': 'D96'}]","","",
"Báo chí","7320101","26.85","[{'raw': 'Ngữ Văn, Lịch Sử, Địa lí', 'code': 'C00'}]","","",
"Du lịch - Văn hóa du lịch","7810101A","24.41","[{'raw': 'Toán, Vật lí, Hóa Học', 'code': 'A00'}, {'raw': 'Toán, Khoa học tự nhiên, Ngữ văn', 'code': 'A16'}, {'raw': 'Ngữ Văn, Toán, Tiếng Anh', 'code': 'D01'}, {'raw': 'Ngữ văn, Khoa học xã hội, Tiếng Anh', 'code': 'D78'}, {'raw': 'Toán, Khoa học xã hội, Anh', 'code': 'D96'}]","","",
"Du lịch - Lữ hành, Hướng dẫn du lịch","7810101B","24.8","[{'raw': 'Toán, Vật lí, Hóa Học', 'code': 'A00'}, {'raw': 'Toán, Khoa học tự nhiên, Ngữ văn', 'code': 'A16'}, {'raw': 'Ngữ Văn, Toán, Tiếng Anh', 'code': 'D01'}, {'raw': 'Ngữ văn, Khoa học xã hội, Tiếng Anh', 'code': 'D78'}, {'raw': 'Toán, Khoa học xã hội, Anh', 'code': 'D96'}]","","",
"Du lịch - Lữ hành, Hướng dẫn du lịch","7810101B","25.8","[{'raw': 'Ngữ Văn, Lịch Sử, Địa lí', 'code': 'C00'}]","","",
"Du lịch - Văn hóa du lịch","7810101A","25.41","[{'raw': 'Ngữ Văn, Lịch Sử, Địa lí', 'code': 'C00'}]","","",
"Du lịch - Hướng dẫn du lịch quốc tế","7810101C","31.4","[{'raw': 'Toán, Vật lí, Hóa Học', 'code': 'A00'}, {'raw': 'Toán, Khoa học tự nhiên, Ngữ văn', 'code': 'A16'}, {'raw': 'Ngữ Văn, Toán, Tiếng Anh', 'code': 'D01'}, {'raw': 'Ngữ văn, Khoa học xã hội, Tiếng Anh', 'code': 'D78'}, {'raw': 'Toán, Khoa học xã hội, Anh', 'code': 'D96'}]","","",
"Kinh doanh xuất bản phẩm","7320402","23","[{'raw': 'Ngữ Văn, Lịch Sử, Địa lí', 'code': 'C00'}]","","",
"Kinh doanh xuất bản phẩm","7320402","22","[{'raw': 'Toán, Vật lí, Hóa Học', 'code': 'A00'}, {'raw': 'Toán, Khoa học tự nhiên, Ngữ văn', 'code': 'A16'}, {'raw': 'Ngữ Văn, Toán, Tiếng Anh', 'code': 'D01'}, {'raw': 'Ngữ văn, Khoa học xã hội, Tiếng Anh', 'code': 'D78'}, {'raw': 'Toán, Khoa học xã hội, Anh', 'code': 'D96'}]","","",
"Ngành Luật","7380101","25.17","[{'raw': 'Ngữ Văn, Lịch Sử, Địa lí', 'code': 'C00'}]","","",
"Ngành Luật","7380101","24.17","[{'raw': 'Toán, Vật lí, Hóa Học', 'code': 'A00'}, {'raw': 'Toán, Khoa học tự nhiên, Ngữ văn', 'code': 'A16'}, {'raw': 'Ngữ Văn, Toán, Tiếng Anh', 'code': 'D01'}, {'raw': 'Ngữ văn, Khoa học xã hội, Tiếng Anh', 'code': 'D78'}, {'raw': 'Toán, Khoa học xã hội, Anh', 'code': 'D96'}]","","",
"Ngôn ngữ Anh","7220201","32.93","[{'raw': 'Toán, Vật lí, Hóa Học', 'code': 'A00'}, {'raw': 'Toán, Khoa học tự nhiên, Ngữ văn', 'code': 'A16'}, {'raw': 'Ngữ Văn, Toán, Tiếng Anh', 'code': 'D01'}, {'raw': 'Ngữ văn, Khoa học xã hội, Tiếng Anh', 'code': 'D78'}, {'raw': 'Toán, Khoa học xã hội, Anh', 'code': 'D96'}]","","",
"Quản lý văn hóa, chuyên ngành (1) Quản lý hoạt động Văn hóa Xã hội","7229042A","23.96","[{'raw': 'Ngữ Văn, Lịch Sử, Địa lí', 'code': 'C00'}]","","",
"Quản lý di sản văn hoá","7229042C","23.23","[{'raw': 'Ngữ Văn, Lịch Sử, Địa lí', 'code': 'C00'}]","","",
"Quản lý văn hóa, chuyên ngành (1) Quản lý hoạt động Văn hóa Xã hội","7229042A","22.96","[{'raw': 'Toán, Vật lí, Hóa Học', 'code': 'A00'}, {'raw': 'Toán, Khoa học tự nhiên, Ngữ văn', 'code': 'A16'}, {'raw': 'Ngữ Văn, Toán, Tiếng Anh', 'code': 'D01'}, {'raw': 'Ngữ văn, Khoa học xã hội, Tiếng Anh', 'code': 'D78'}, {'raw': 'Toán, Khoa học xã hội, Anh', 'code': 'D96'}]","","",
"Quản trị dịch vụ du lịch và lữ hành","7810103","25.5","[{'raw': 'Toán, Vật lí, Hóa Học', 'code': 'A00'}, {'raw': 'Toán, Khoa học tự nhiên, Ngữ văn', 'code': 'A16'}, {'raw': 'Ngữ Văn, Toán, Tiếng Anh', 'code': 'D01'}, {'raw': 'Ngữ văn, Khoa học xã hội, Tiếng Anh', 'code': 'D78'}, {'raw': 'Toán, Khoa học xã hội, Anh', 'code': 'D96'}]","","",
"Quản lý thông tin","7320205","22.4","[{'raw': 'Toán, Vật lí, Hóa Học', 'code': 'A00'}, {'raw': 'Toán, Khoa học tự nhiên, Ngữ văn', 'code': 'A16'}, {'raw': 'Ngữ Văn, Toán, Tiếng Anh', 'code': 'D01'}, {'raw': 'Ngữ văn, Khoa học xã hội, Tiếng Anh', 'code': 'D78'}, {'raw': 'Toán, Khoa học xã hội, Anh', 'code': 'D96'}]","","",
"Quản lý văn hoá - Tổ chức sự kiện văn hoá","7229042E","26.13","[{'raw': 'Ngữ Văn, Lịch Sử, Địa lí', 'code': 'C00'}]","","",
"Quản trị dịch vụ du lịch và lữ hành","7810103","26.5","[{'raw': 'Ngữ Văn, Lịch Sử, Địa lí', 'code': 'C00'}]","","",
"Quản lý di sản văn hoá","7229042C","22.23","[{'raw': 'Toán, Vật lí, Hóa Học', 'code': 'A00'}, {'raw': 'Toán, Khoa học tự nhiên, Ngữ văn', 'code': 'A16'}, {'raw': 'Ngữ Văn, Toán, Tiếng Anh', 'code': 'D01'}, {'raw': 'Ngữ văn, Khoa học xã hội, Tiếng Anh', 'code': 'D78'}, {'raw': 'Toán, Khoa học xã hội, Anh', 'code': 'D96'}]","","",
"Quản lý văn hoá - Tổ chức sự kiện văn hoá","7229042E","25.13","[{'raw': 'Toán, Vật lí, Hóa Học', 'code': 'A00'}, {'raw': 'Toán, Khoa học tự nhiên, Ngữ văn', 'code': 'A16'}, {'raw': 'Ngữ Văn, Toán, Tiếng Anh', 'code': 'D01'}, {'raw': 'Ngữ văn, Khoa học xã hội, Tiếng Anh', 'code': 'D78'}, {'raw': 'Toán, Khoa học xã hội, Anh', 'code': 'D96'}]","","",
"Quản lý thông tin","7320205","24.4","[{'raw': 'Ngữ Văn, Lịch Sử, Địa lí', 'code': 'C00'}]","","",
"Quốc tế học","7220212B","21.9","[{'raw': 'Toán, Vật lí, Hóa Học', 'code': 'A00'}, {'raw': 'Toán, Khoa học tự nhiên, Ngữ văn', 'code': 'A16'}, {'raw': 'Ngữ Văn, Toán, Tiếng Anh', 'code': 'D01'}, {'raw': 'Ngữ văn, Khoa học xã hội, Tiếng Anh', 'code': 'D78'}, {'raw': 'Toán, Khoa học xã hội, Anh', 'code': 'D96'}]","","",
"Quốc tế học","7220212B","22.9","[{'raw': 'Ngữ Văn, Lịch Sử, Địa lí', 'code': 'C00'}]","","",
"Thông tin - thư viện","7320201","20.75","[{'raw': 'Toán, Vật lí, Hóa Học', 'code': 'A00'}, {'raw': 'Toán, Khoa học tự nhiên, Ngữ văn', 'code': 'A16'}, {'raw': 'Ngữ Văn, Toán, Tiếng Anh', 'code': 'D01'}, {'raw': 'Ngữ văn, Khoa học xã hội, Tiếng Anh', 'code': 'D78'}, {'raw': 'Toán, Khoa học xã hội, Anh', 'code': 'D96'}]","","",
"Thông tin - thư viện","7320201","21.75","[{'raw': 'Ngữ Văn, Lịch Sử, Địa lí', 'code': 'C00'}]","","",
"Văn hóa học, chuyên ngành Văn hóa Việt Nam","7229040A","23.63","[{'raw': 'Toán, Vật lí, Hóa Học', 'code': 'A00'}, {'raw': 'Toán, Khoa học tự nhiên, Ngữ văn', 'code': 'A16'}, {'raw': 'Ngữ Văn, Toán, Tiếng Anh', 'code': 'D01'}, {'raw': 'Ngữ văn, Khoa học xã hội, Tiếng Anh', 'code': 'D78'}, {'raw': 'Toán, Khoa học xã hội, Anh', 'code': 'D96'}]","","",
"Văn hoá các dân tộc thiểu số Việt Nam - Tổ chức và Quản lý văn hoá vùng dân tộc thiểu số","7220112A","21.7","[{'raw': 'Ngữ Văn, Lịch Sử, Địa lí', 'code': 'C00'}]","","",
"Văn hoá học - Văn hoá truyền thông","7229040B","25.18","[{'raw': 'Toán, Vật lí, Hóa Học', 'code': 'A00'}, {'raw': 'Toán, Khoa học tự nhiên, Ngữ văn', 'code': 'A16'}, {'raw': 'Ngữ Văn, Toán, Tiếng Anh', 'code': 'D01'}, {'raw': 'Ngữ văn, Khoa học xã hội, Tiếng Anh', 'code': 'D78'}, {'raw': 'Toán, Khoa học xã hội, Anh', 'code': 'D96'}]","","",
"Văn hóa học, chuyên ngành Văn hóa Việt Nam","7229040A","24.63","[{'raw': 'Ngữ Văn, Lịch Sử, Địa lí', 'code': 'C00'}]","","",
"Văn hoá học - Văn hoá truyền thông","7229040B","26.18","[{'raw': 'Ngữ Văn, Lịch Sử, Địa lí', 'code': 'C00'}]","","",
"Văn hóa học, chuyên ngành Truyền thông Văn hóa","7229040C","23.68","[{'raw': 'Toán, Vật lí, Hóa Học', 'code': 'A00'}, {'raw': 'Toán, Khoa học tự nhiên, Ngữ văn', 'code': 'A16'}, {'raw': 'Ngữ Văn, Toán, Tiếng Anh', 'code': 'D01'}, {'raw': 'Ngữ văn, Khoa học xã hội, Tiếng Anh', 'code': 'D78'}, {'raw': 'Toán, Khoa học xã hội, Anh', 'code': 'D96'}]","","",
"Văn hóa học, chuyên ngành Truyền thông Văn hóa","7229040C","24.68","[{'raw': 'Ngữ Văn, Lịch Sử, Địa lí', 'code': 'C00'}]","","",
"Văn hoá các dân tộc thiểu số Việt Nam - Tổ chức và Quản lý văn hoá vùng dân tộc thiểu số","7220112A","20.7","[{'raw': 'Toán, Vật lí, Hóa Học', 'code': 'A00'}, {'raw': 'Toán, Khoa học tự nhiên, Ngữ văn', 'code': 'A16'}, {'raw': 'Ngữ Văn, Toán, Tiếng Anh', 'code': 'D01'}, {'raw': 'Ngữ văn, Khoa học xã hội, Tiếng Anh', 'code': 'D78'}, {'raw': 'Toán, Khoa học xã hội, Anh', 'code': 'D96'}]","","",
