"Tên","Mã","Điểm đầu vào","Môn thi","Học phí","Ghi chú",
"Công nghệ thực phẩm","7540101","15","[{'raw': 'Toán, Vật lí, Hóa Học', 'code': 'A00'}, {'raw': 'Toán, Địa lí, Giáo dục công dân', 'code': 'A09'}, {'raw': 'Toán, Hóa Học, Sinh Học', 'code': 'B00'}, {'raw': 'Toán, Hóa học, Tiếng Anh', 'code': 'D07'}]","","",
"Công nghệ kỹ thuật điện, điện tử","7510301","15","[{'raw': 'Toán, Vật lí, Hóa Học', 'code': 'A00'}, {'raw': 'Toán, Vật lí, Sinh học', 'code': 'A02'}, {'raw': 'Toán, Địa lí, Giáo dục công dân', 'code': 'A09'}, {'raw': 'Ngữ Văn, Toán, Tiếng Anh', 'code': 'D01'}]","","",
"Công nghệ kỹ thuật xây dựng dân dụng và công nghiệp","7510102","15","[{'raw': 'Toán, Vật lí, Hóa Học', 'code': 'A00'}, {'raw': 'Toán, Địa lí, Giáo dục công dân', 'code': 'A09'}, {'raw': 'Toán, Vật lí, Vẽ Hình họa mỹ thuật', 'code': 'V00'}, {'raw': 'Toán, Ngữ văn, Vẽ Hình họa mỹ thuật', 'code': 'V01'}]","","",
"Công nghệ thông tin","7480201","15","[{'raw': 'Toán, Vật lí, Tiếng Anh', 'code': 'A01'}, {'raw': 'Toán, Địa lí, Giáo dục công dân', 'code': 'A09'}, {'raw': 'Ngữ Văn, Toán, Tiếng Anh', 'code': 'D01'}, {'raw': 'Toán, Tiếng Anh, Tin học', 'code': 'K01'}]","","",
"Công nghệ kỹ thuật ô tô","7510205","15","[{'raw': 'Toán, Vật lí, Hóa Học', 'code': 'A00'}, {'raw': 'Toán, Vật lí, Tiếng Anh', 'code': 'A01'}, {'raw': 'Toán, Vật lí, Sinh học', 'code': 'A02'}, {'raw': 'Toán, Địa lí, Giáo dục công dân', 'code': 'A09'}]","","",
"Dược học","7720201","21","[{'raw': 'Toán, Vật lí, Hóa Học', 'code': 'A00'}, {'raw': 'Toán, Hóa Học, Sinh Học', 'code': 'B00'}, {'raw': 'Ngữ văn, Hóa học, Sinh học', 'code': 'C08'}, {'raw': 'Toán, Hóa học, Tiếng Anh', 'code': 'D07'}]","","",
"Hàn Quốc học","7310614","15","[{'raw': 'Toán, Vật lí, Tiếng Anh', 'code': 'A01'}, {'raw': 'Toán, Địa lí, Giáo dục công dân', 'code': 'A09'}, {'raw': 'Ngữ Văn, Lịch Sử, Địa lí', 'code': 'C00'}, {'raw': 'Ngữ văn, Địa lí, Tiếng Anh', 'code': 'D15'}]","","",
"Kế toán","7340301","15","[{'raw': 'Toán, Vật lí, Tiếng Anh', 'code': 'A01'}, {'raw': 'Toán, Địa lí, Giáo dục công dân', 'code': 'A09'}, {'raw': 'Ngữ Văn, Lịch Sử, Địa lí', 'code': 'C00'}, {'raw': 'Ngữ Văn, Toán, Tiếng Anh', 'code': 'D01'}]","","",
"Kiến trúc","7580101","15","[{'raw': 'Toán, Vật lí, Hóa Học', 'code': 'A00'}, {'raw': 'Toán, Địa lí, Giáo dục công dân', 'code': 'A09'}, {'raw': 'Toán, Vật lí, Vẽ Hình họa mỹ thuật', 'code': 'V00'}, {'raw': 'Toán, Ngữ văn, Vẽ Hình họa mỹ thuật', 'code': 'V01'}]","","",
"Logistics và Quản lý chuỗi cung ứng","7510605","15","[{'raw': 'Toán, Vật lí, Tiếng Anh', 'code': 'A01'}, {'raw': 'Toán, Địa lí, Giáo dục công dân', 'code': 'A09'}, {'raw': 'Ngữ Văn, Lịch Sử, Địa lí', 'code': 'C00'}, {'raw': 'Ngữ Văn, Toán, Tiếng Anh', 'code': 'D01'}]","","",
"Luật kinh tế","7380107","15","[{'raw': 'Toán, Vật lí, Tiếng Anh', 'code': 'A01'}, {'raw': 'Toán, Địa lí, Giáo dục công dân', 'code': 'A09'}, {'raw': 'Ngữ Văn, Lịch Sử, Địa lí', 'code': 'C00'}, {'raw': 'Ngữ Văn, Toán, Tiếng Anh', 'code': 'D01'}]","","",
"Ngôn ngữ Anh","7220201","15","[{'raw': 'Toán, Vật lí, Tiếng Anh', 'code': 'A01'}, {'raw': 'Ngữ Văn, Toán, Tiếng Anh', 'code': 'D01'}, {'raw': 'Toán, Địa lí, Tiếng Anh', 'code': 'D10'}, {'raw': 'Ngữ văn, Giáo dục công dân, Tiếng Anh', 'code': 'D66'}]","","",
"Nhật Bản học","7310613","15","[{'raw': 'Toán, Vật lí, Tiếng Anh', 'code': 'A01'}, {'raw': 'Toán, Địa lí, Giáo dục công dân', 'code': 'A09'}, {'raw': 'Ngữ Văn, Lịch Sử, Địa lí', 'code': 'C00'}, {'raw': 'Ngữ văn, Địa lí, Tiếng Anh', 'code': 'D15'}]","","",
"Quản trị doanh nghiệp","7340101","15","[{'raw': 'Toán, Vật lí, Tiếng Anh', 'code': 'A01'}, {'raw': 'Toán, Địa lí, Giáo dục công dân', 'code': 'A09'}, {'raw': 'Ngữ Văn, Lịch Sử, Địa lí', 'code': 'C00'}, {'raw': 'Ngữ Văn, Toán, Tiếng Anh', 'code': 'D01'}]","","",
"Tài chính – Ngân hàng","7340201","15","[{'raw': 'Toán, Vật lí, Tiếng Anh', 'code': 'A01'}, {'raw': 'Toán, Địa lí, Giáo dục công dân', 'code': 'A09'}, {'raw': 'Ngữ Văn, Lịch Sử, Địa lí', 'code': 'C00'}, {'raw': 'Ngữ Văn, Toán, Tiếng Anh', 'code': 'D01'}]","","",
"Xã hội học","7310301","15","[{'raw': 'Toán, Vật lí, Tiếng Anh', 'code': 'A01'}, {'raw': 'Toán, Địa lí, Giáo dục công dân', 'code': 'A09'}, {'raw': 'Ngữ Văn, Lịch Sử, Địa lí', 'code': 'C00'}, {'raw': 'Ngữ Văn, Toán, Tiếng Anh', 'code': 'D01'}]","","",
