"Tên","Mã","Điểm đầu vào","Môn thi","Học phí","Ghi chú",
"Công nghệ thông tin","7480201","15","[{'raw': 'Toán, Vật lí, Hóa Học', 'code': 'A00'}]","","",
"Du lịch","7810101","15","[{'raw': 'Ngữ Văn, Lịch Sử, Địa lí', 'code': 'C00'}]","","",
"Giáo dục Tiểu học","7140202","25.05","[{'raw': 'Toán, Vật lí, Hóa Học', 'code': 'A00'}]","","",
"Giáo dục Mầm non","7140201","24.75","[{'raw': 'Ngữ Văn, Lịch Sử, Địa lí', 'code': 'C00'}]","","",
"Kế toán","7340301","15","[{'raw': 'Toán, Vật lí, Hóa Học', 'code': 'A00'}]","","",
"Quản trị doanh nghiệp","7340101","15","[{'raw': 'Toán, Vật lí, Hóa Học', 'code': 'A00'}]","","",
"Sư phạm khoa học tự nhiên","7140247","21.75","[{'raw': 'Toán, Vật lí, Hóa Học', 'code': 'A00'}]","","",
"Sư phạm Lịch sử - Địa lý","7140249","26.2","[{'raw': 'Ngữ Văn, Lịch Sử, Địa lí', 'code': 'C00'}]","","",
"Sư phạm Toán học","7140209","24.35","[{'raw': 'Toán, Vật lí, Hóa Học', 'code': 'A00'}]","","",
"Việt Nam học","7310630D","15","[{'raw': 'Ngữ Văn, Lịch Sử, Địa lí', 'code': 'C00'}]","","",
