"Tên","Mã","Điểm đầu vào","Môn thi","Học phí","Ghi chú",
"Khoa học và Kỹ thuật máy tính","7480204","21","[{'raw': 'Toán, Vật lí, Hóa Học', 'code': 'A00'}, {'raw': 'Toán, Vật lí, Tiếng Anh', 'code': 'A01'}, {'raw': 'Toán, Hóa học, Tiếng Anh', 'code': 'D07'}, {'raw': 'Toán, Sinh học, Tiếng Anh', 'code': 'D08'}, {'raw': 'Toán, Hóa học, Tiếng Nhật', 'code': 'D23'}, {'raw': 'Toán, Vật lí, Tiếng Nhật', 'code': 'D28'}, {'raw': 'Toán, Sinh học, Tiếng Nhật', 'code': 'D33'}]","","",
"Kỹ thuật cơ điện tử","7520114","20","[{'raw': 'Toán, Vật lí, Hóa Học', 'code': 'A00'}, {'raw': 'Toán, Vật lí, Tiếng Anh', 'code': 'A01'}, {'raw': 'Toán, Hóa học, Tiếng Anh', 'code': 'D07'}, {'raw': 'Toán, Hóa học, Tiếng Nhật', 'code': 'D23'}, {'raw': 'Toán, Vật lí, Tiếng Nhật', 'code': 'D28'}]","","",
"Kỹ thuật xây dựng","7580201","20","[{'raw': 'Toán, Vật lí, Hóa Học', 'code': 'A00'}, {'raw': 'Toán, Vật lí, Tiếng Anh', 'code': 'A01'}, {'raw': 'Ngữ Văn, Toán, Tiếng Anh', 'code': 'D01'}, {'raw': 'Ngữ văn, Toán, Tiếng Nhật', 'code': 'D06'}, {'raw': 'Toán, Vật lí, Tiếng Nhật', 'code': 'D28'}]","","",
"Nhật Bản học","7310613","22","[{'raw': 'Toán, Vật lí, Tiếng Anh', 'code': 'A01'}, {'raw': 'Ngữ Văn, Toán, Tiếng Anh', 'code': 'D01'}, {'raw': 'Ngữ văn, Toán, Tiếng Nhật', 'code': 'D06'}, {'raw': 'Ngữ văn, Lịch sử, Tiếng Anh', 'code': 'D14'}, {'raw': 'Toán, Vật lí, Tiếng Nhật', 'code': 'D28'}, {'raw': 'Ngữ văn, Lịch sử, Tiếng Nhật', 'code': 'D63'}, {'raw': 'Ngữ văn, Khoa học xã hội, Tiếng Anh', 'code': 'D78'}, {'raw': 'Ngữ văn, Khoa học xã hội, Tiếng Nhật', 'code': 'D81'}]","","",
"Nông nghiệp thông minh và phát triển bền vững","VJU1","20","[{'raw': 'Toán, Vật lí, Hóa Học', 'code': 'A00'}, {'raw': 'Toán, Vật lí, Tiếng Anh', 'code': 'A01'}, {'raw': 'Toán, Hóa Học, Sinh Học', 'code': 'B00'}, {'raw': 'Ngữ Văn, Toán, Tiếng Anh', 'code': 'D01'}, {'raw': 'Ngữ văn, Toán, Tiếng Nhật', 'code': 'D06'}, {'raw': 'Toán, Vật lí, Tiếng Nhật', 'code': 'D28'}]","","",
