"Tên","Mã","Điểm đầu vào","Môn thi","Học phí","Ghi chú",
"Giáo dục Tiểu học","7140202","24.44","[{'raw': 'Toán, Vật lí, Hóa Học', 'code': 'A00'}]","","",
"Hóa học","7440112","15","[{'raw': 'Toán, Vật lí, Hóa Học', 'code': 'A00'}]","","",
"Ngôn ngữ học","7229020","16","[{'raw': 'Ngữ Văn, Toán, Tiếng Anh', 'code': 'D01'}]","","",
"Ngôn ngữ Anh","7220201","15","[{'raw': 'Ngữ Văn, Toán, Tiếng Anh', 'code': 'D01'}]","","",
"Ngôn ngữ Anh","7220201A","15","[{'raw': 'Ngữ Văn, Toán, Tiếng Anh', 'code': 'D01'}]","","chuyên ngành Du lịch",
"Quản trị kinh doanh","7340101A","15","[{'raw': 'Ngữ Văn, Toán, Tiếng Anh', 'code': 'D01'}]","","chuyên ngành Quản lý bán lẻ",
"Quản trị dịch vụ du lịch và lữ hành","7810103","15","[{'raw': 'Ngữ Văn, Toán, Tiếng Anh', 'code': 'D01'}]","","",
"Quản trị kinh doanh","7340101B","16","[{'raw': 'Ngữ Văn, Toán, Tiếng Anh', 'code': 'D01'}]","","chuyên ngành Marketing",
"Quản trị khách sạn","7810201","15","[{'raw': 'Ngữ Văn, Toán, Tiếng Anh', 'code': 'D01'}]","","",
"Quản trị doanh nghiệp","7340101","15","[{'raw': 'Ngữ Văn, Toán, Tiếng Anh', 'code': 'D01'}]","","",
"Quản trị kinh doanh","7340101C","15","[{'raw': 'Ngữ Văn, Toán, Tiếng Anh', 'code': 'D01'}]","","ngành Nhà hàng và dịch vụ ăn uống",
"Sinh học ứng dụng - dược liệu","7420203A","15","[{'raw': 'Toán, Vật lí, Hóa Học', 'code': 'A00'}]","","",
"Sư phạm Tiếng Anh","7140231","24.15","[{'raw': 'Ngữ Văn, Toán, Tiếng Anh', 'code': 'D01'}]","","Giảng dạy Tiểu học",
"Sư phạm Tiếng Anh","7140231A","25.85","[{'raw': 'Ngữ Văn, Toán, Tiếng Anh', 'code': 'D01'}]","","Giảng dạy THCS, THPT",
"Văn hoá học","7229040","15","[{'raw': 'Ngữ Văn, Lịch Sử, Địa lí', 'code': 'C00'}]","","",
"Văn học","7229030","20","[{'raw': 'Ngữ Văn, Lịch Sử, Địa lí', 'code': 'C00'}]","","",
"Việt Nam học (Văn hóa Du lịch)","7310630A","15","[{'raw': 'Ngữ Văn, Lịch Sử, Địa lí', 'code': 'C00'}]","","",
"Việt Nam học","7310630D","20","[{'raw': 'Ngữ Văn, Lịch Sử, Địa lí', 'code': 'C00'}]","","chuyên ngành Hướng dẫn du lịch",
