"Tên","Mã","Điểm đầu vào","Môn thi","Học phí","Ghi chú",
"Chăn nuôi","7620105","14","[{'raw': 'Toán, Vật lí, Hóa Học', 'code': 'A00'}]","","",
"Công nghệ kỹ thuật ô tô","7510205","15","[{'raw': 'Toán, Vật lí, Hóa Học', 'code': 'A00'}]","","",
"Công nghệ thực phẩm","7540101","15","[{'raw': 'Toán, Vật lí, Hóa Học', 'code': 'A00'}]","","",
"Công nghệ sinh học","7420201","14","[{'raw': 'Toán, Sinh học, Giáo dục công dân', 'code': 'B04'}]","","",
"Công nghệ kỹ thuật Môi trường","7510406","14","[{'raw': 'Ngữ văn, Toán, Địa lí', 'code': 'C04'}]","","",
"Công nghệ kỹ thuật xây dựng","7510103","15","[{'raw': 'Toán, Vật lí, Hóa Học', 'code': 'A00'}]","","",
"Công nghệ thông tin","7480201","17.5","[{'raw': 'Toán, Vật lí, Hóa Học', 'code': 'A00'}]","","",
"ĐH Nuôi trồng thủy sản","7620301","14","[{'raw': 'Toán, Vật lí, Hóa Học', 'code': 'A00'}]","","",
"Du lịch","7810101","15","[{'raw': 'Ngữ Văn, Toán, Tiếng Anh', 'code': 'D01'}]","","",
"Giáo dục Tiểu học","7140202","26.04","[{'raw': 'Toán, Vật lí, Hóa Học', 'code': 'A00'}]","","",
"Kế toán","7340301","15","[{'raw': 'Toán, Vật lí, Hóa Học', 'code': 'A00'}]","","",
"Khoa học cây trồng","7620110","14","[{'raw': 'Toán, Vật lí, Hóa Học', 'code': 'A00'}]","","",
"Kinh doanh nông nghiệp","7620114","14","[{'raw': 'Toán, Vật lí, Hóa Học', 'code': 'A00'}]","","",
"Ngành Kỹ thuật điều khiển & Tự động hóa","7520216","15","[{'raw': 'Toán, Vật lí, Hóa Học', 'code': 'A00'}]","","",
"Ngành Luật","7380101","15","[{'raw': 'Toán, Vật lí, Hóa Học', 'code': 'A00'}]","","",
"Ngành Kinh doanh quốc tế","7340120","15","[{'raw': 'Toán, Vật lí, Hóa Học', 'code': 'A00'}]","","",
"Ngôn ngữ Anh","7220201","15","[{'raw': 'Ngữ Văn, Toán, Tiếng Anh', 'code': 'D01'}]","","",
"Quản lý tài nguyên và môi trường","7850101","14","[{'raw': 'Ngữ văn, Địa lí, Tiếng Anh', 'code': 'D15'}]","","",
"Quản trị doanh nghiệp","7340101","15","[{'raw': 'Toán, Vật lí, Hóa Học', 'code': 'A00'}]","","",
"Sư phạm Toán học","7140209","24.4","[{'raw': 'Toán, Vật lí, Hóa Học', 'code': 'A00'}]","","",
"Tài chính – Ngân hàng","7340201","15","[{'raw': 'Toán, Vật lí, Hóa Học', 'code': 'A00'}]","","",
"Tiếng Việt & Văn hóa Việt Nam","7220101","15","[{'raw': 'Ngữ Văn, Toán, Tiếng Anh', 'code': 'D01'}]","","",
