"Tên","Mã","Điểm đầu vào","Môn thi","Học phí","Ghi chú",
"Công nghệ thông tin","7480201","24.7","[{'raw': 'Toán, Vật lí, Tiếng Anh', 'code': 'A01'}, {'raw': 'Ngữ Văn, Toán, Tiếng Anh', 'code': 'D01'}]","","",
"Công nghệ thông tin (chương trình chất lượng cao)","7480201CLC","24.2","[{'raw': 'Toán, Vật lí, Tiếng Anh', 'code': 'A01'}, {'raw': 'Ngữ Văn, Toán, Tiếng Anh', 'code': 'D01'}]","","",
"Kế toán","7340301","33.52","[{'raw': 'Ngữ Văn, Toán, Tiếng Anh', 'code': 'D01'}]","","",
"Marketing (dạy bằng tiếng Anh)","7340115","35.05","[{'raw': 'Ngữ Văn, Toán, Tiếng Anh', 'code': 'D01'}]","","",
"Nghiên cứu phát triển","7310111","32.55","[{'raw': 'Ngữ Văn, Toán, Tiếng Anh', 'code': 'D01'}]","","",
"Ngôn ngữ Italia - Chất lượng cao (CLC)","7220208 CLC","30.95","[{'raw': 'Ngữ Văn, Toán, Tiếng Anh', 'code': 'D01'}]","","",
"Ngôn ngữ Pháp","7220203","33.7","[{'raw': 'Ngữ Văn, Toán, Tiếng Anh', 'code': 'D01'}, {'raw': 'Ngữ văn, Toán, Tiếng Pháp', 'code': 'D03'}]","","",
"Ngôn ngữ Trung Quốc - Chất lượng cao (CLC)","7220204 CLC","34.82","[{'raw': 'Ngữ Văn, Toán, Tiếng Anh', 'code': 'D01'}, {'raw': 'Ngữ văn, Toán, Tiếng Trung', 'code': 'D04'}]","","",
"Ngôn ngữ Hàn Quốc","7220210","36.15","[{'raw': 'Ngữ Văn, Toán, Tiếng Anh', 'code': 'D01'}]","","",
"Ngôn ngữ Tây Ban Nha","7220206","33.38","[{'raw': 'Ngữ Văn, Toán, Tiếng Anh', 'code': 'D01'}]","","",
"Ngôn ngữ Nhật","7220209","34.59","[{'raw': 'Ngữ Văn, Toán, Tiếng Anh', 'code': 'D01'}, {'raw': 'Ngữ văn, Toán, Tiếng Nhật', 'code': 'D06'}]","","",
"Ngôn ngữ Đức","7220205","33.96","[{'raw': 'Ngữ Văn, Toán, Tiếng Anh', 'code': 'D01'}, {'raw': 'Ngữ văn, Toán, Tiếng Đức', 'code': 'D05'}]","","",
"Ngôn ngữ Nga","7220202","31.93","[{'raw': 'Ngữ Văn, Toán, Tiếng Anh', 'code': 'D01'}, {'raw': 'Ngữ Văn, Toán, Tiếng Nga', 'code': 'D02'}]","","",
"Ngôn ngữ Trung Quốc","7220204","35.75","[{'raw': 'Ngữ Văn, Toán, Tiếng Anh', 'code': 'D01'}, {'raw': 'Ngữ văn, Toán, Tiếng Trung', 'code': 'D04'}]","","",
"Ngôn ngữ Italia","7220208","32.63","[{'raw': 'Ngữ Văn, Toán, Tiếng Anh', 'code': 'D01'}]","","",
"Ngôn ngữ Hàn Quốc - Chất lượng cao (CLC)","7220210 CLC","34.73","[{'raw': 'Ngữ Văn, Toán, Tiếng Anh', 'code': 'D01'}]","","",
"Ngôn ngữ Bồ Đào Nha","7220207","31.35","[{'raw': 'Ngữ Văn, Toán, Tiếng Anh', 'code': 'D01'}]","","",
"Ngôn ngữ Anh","7220201","35.38","[{'raw': 'Ngữ Văn, Toán, Tiếng Anh', 'code': 'D01'}]","","",
"Quản trị dịch vụ du lịch và lữ hành","7810103","33.9","[{'raw': 'Ngữ Văn, Toán, Tiếng Anh', 'code': 'D01'}]","","",
"Quản trị dịch vụ du lịch và lữ hành (dạy bằng tiếng Anh) - CLC","7810103CLC","32.25","[{'raw': 'Ngữ Văn, Toán, Tiếng Anh', 'code': 'D01'}]","","",
"Quản trị doanh nghiệp","7340101","33.93","[{'raw': 'Ngữ Văn, Toán, Tiếng Anh', 'code': 'D01'}]","","",
"Quốc tế học","7310601","33.48","[{'raw': 'Ngữ Văn, Toán, Tiếng Anh', 'code': 'D01'}]","","",
"Tài chính – Ngân hàng","7340201","33.7","[{'raw': 'Ngữ Văn, Toán, Tiếng Anh', 'code': 'D01'}]","","",
"Truyền thông doanh nghiệp","7320109","34.1","[{'raw': 'Ngữ Văn, Toán, Tiếng Anh', 'code': 'D01'}, {'raw': 'Ngữ văn, Toán, Tiếng Pháp', 'code': 'D03'}]","","",
"Truyền thông đa phương tiện","7320104","25.94","[{'raw': 'Ngữ Văn, Toán, Tiếng Anh', 'code': 'D01'}]","","",
