"Tên","Mã","Điểm đầu vào","Môn thi","Học phí","Ghi chú",
"Bảo vệ thực vật","7620112","15","[{'raw': 'Toán, Vật lí, Hóa Học', 'code': 'A00'}]","","",
"Chăn nuôi","7620105","15","[{'raw': 'Toán, Vật lí, Hóa Học', 'code': 'A00'}]","","",
"Công nghệ thông tin","7480201","15","[{'raw': 'Toán, Vật lí, Hóa Học', 'code': 'A00'}]","","",
"ĐH Nuôi trồng thủy sản","7620301","15","[{'raw': 'Toán, Vật lí, Hóa Học', 'code': 'A00'}]","","",
"Kế toán","7340301","16","[{'raw': 'Toán, Vật lí, Hóa Học', 'code': 'A00'}]","","",
"Khoa học môi trường","7440301","15","[{'raw': 'Toán, Vật lí, Hóa Học', 'code': 'A00'}]","","",
"Ngôn ngữ Anh","7220201","15","[{'raw': 'Ngữ Văn, Toán, Tiếng Anh', 'code': 'D01'}]","","",
"Quản trị doanh nghiệp","7340101","16","[{'raw': 'Toán, Vật lí, Hóa Học', 'code': 'A00'}]","","",
"Tài chính – Ngân hàng","7340201","16","[{'raw': 'Toán, Vật lí, Hóa Học', 'code': 'A00'}]","","",
"Tiếng Việt & Văn hóa Việt Nam","7220101","15","[{'raw': 'Ngữ Văn, Lịch Sử, Địa lí', 'code': 'C00'}]","","",
