"Tên","Mã","Điểm đầu vào","Môn thi","Học phí","Ghi chú",
"An toàn thông tin","7480202","18","[{'raw': 'Toán, Vật lí, Hóa Học', 'code': 'A00'}, {'raw': 'Ngữ văn, Toán, Vật lí', 'code': 'C01'}, {'raw': 'Ngữ văn, Toán, Giáo dục công dân', 'code': 'C14'}, {'raw': 'Ngữ Văn, Toán, Tiếng Anh', 'code': 'D01'}]","","",
"Công nghệ thông tin quốc tế","7480201_QT","16.5","[{'raw': 'Toán, Vật lí, Hóa Học', 'code': 'A00'}]","","",
"Công nghệ kỹ thuật điện, điện tử","7510301","16","[{'raw': 'Toán, Vật lí, Hóa Học', 'code': 'A00'}, {'raw': 'Ngữ văn, Toán, Vật lí', 'code': 'C01'}, {'raw': 'Ngữ văn, Toán, Giáo dục công dân', 'code': 'C14'}, {'raw': 'Ngữ Văn, Toán, Tiếng Anh', 'code': 'D01'}]","","",
"Công nghệ truyền thông","7320106","17","[{'raw': 'Toán, Vật lí, Hóa Học', 'code': 'A00'}, {'raw': 'Ngữ văn, Toán, Vật lí', 'code': 'C01'}, {'raw': 'Ngữ văn, Toán, Giáo dục công dân', 'code': 'C14'}, {'raw': 'Ngữ Văn, Toán, Tiếng Anh', 'code': 'D01'}]","","",
"Công nghệ kỹ thuật điều khiển và tự động hóa","7510303","16","[{'raw': 'Toán, Vật lí, Hóa Học', 'code': 'A00'}, {'raw': 'Ngữ văn, Toán, Vật lí', 'code': 'C01'}, {'raw': 'Ngữ văn, Toán, Giáo dục công dân', 'code': 'C14'}, {'raw': 'Ngữ Văn, Toán, Tiếng Anh', 'code': 'D01'}]","","",
"Công nghệ thông tin (Chất lượng cao): Chương trình đào tạo đạt chuẩn kiểm định quốc tế AUN-QA","7480201_CLC","16.5","[{'raw': 'Toán, Vật lí, Hóa Học', 'code': 'A00'}, {'raw': 'Ngữ văn, Toán, Vật lí', 'code': 'C01'}, {'raw': 'Ngữ văn, Toán, Giáo dục công dân', 'code': 'C14'}, {'raw': 'Ngữ Văn, Toán, Tiếng Anh', 'code': 'D01'}]","","",
"Công nghệ ô tô và giao thông thông minh","7510212","16","[{'raw': 'Toán, Vật lí, Hóa Học', 'code': 'A00'}, {'raw': 'Ngữ văn, Toán, Vật lí', 'code': 'C01'}, {'raw': 'Ngữ văn, Toán, Giáo dục công dân', 'code': 'C14'}, {'raw': 'Ngữ Văn, Toán, Tiếng Anh', 'code': 'D01'}]","","",
"Công nghệ thông tin","7480201","16","[{'raw': 'Toán, Vật lí, Hóa Học', 'code': 'A00'}, {'raw': 'Ngữ văn, Toán, Vật lí', 'code': 'C01'}, {'raw': 'Ngữ văn, Toán, Giáo dục công dân', 'code': 'C14'}, {'raw': 'Ngữ Văn, Toán, Tiếng Anh', 'code': 'D01'}]","","",
"Công nghệ kỹ thuật máy tính","7480108","16.5","[{'raw': 'Toán, Vật lí, Hóa Học', 'code': 'A00'}, {'raw': 'Ngữ văn, Toán, Vật lí', 'code': 'C01'}, {'raw': 'Ngữ văn, Toán, Giáo dục công dân', 'code': 'C14'}, {'raw': 'Ngữ Văn, Toán, Tiếng Anh', 'code': 'D01'}]","","",
"Điện tử - viễn thông","7510302","17","[{'raw': 'Toán, Vật lí, Hóa Học', 'code': 'A00'}, {'raw': 'Ngữ văn, Toán, Vật lí', 'code': 'C01'}, {'raw': 'Ngữ văn, Toán, Giáo dục công dân', 'code': 'C14'}, {'raw': 'Ngữ Văn, Toán, Tiếng Anh', 'code': 'D01'}]","","",
"Hệ thống thông tin","7340405","18.5","[{'raw': 'Toán, Vật lí, Hóa Học', 'code': 'A00'}, {'raw': 'Ngữ văn, Toán, Vật lí', 'code': 'C01'}, {'raw': 'Ngữ văn, Toán, Giáo dục công dân', 'code': 'C14'}, {'raw': 'Ngữ Văn, Toán, Tiếng Anh', 'code': 'D01'}]","","",
"Hệ thống thông tin","7480104","16.5","[{'raw': 'Toán, Vật lí, Hóa Học', 'code': 'A00'}, {'raw': 'Ngữ văn, Toán, Vật lí', 'code': 'C01'}, {'raw': 'Ngữ văn, Toán, Giáo dục công dân', 'code': 'C14'}, {'raw': 'Ngữ Văn, Toán, Tiếng Anh', 'code': 'D01'}]","","",
"Khoa học máy tính","7480101","16.5","[{'raw': 'Toán, Vật lí, Hóa Học', 'code': 'A00'}, {'raw': 'Ngữ văn, Toán, Vật lí', 'code': 'C01'}, {'raw': 'Ngữ văn, Toán, Giáo dục công dân', 'code': 'C14'}, {'raw': 'Ngữ Văn, Toán, Tiếng Anh', 'code': 'D01'}]","","",
"Kinh tế tài chính","7310109 &lpar;trước 2023&rpar;","17.5","[{'raw': 'Toán, Vật lí, Hóa Học', 'code': 'A00'}, {'raw': 'Ngữ văn, Toán, Vật lí', 'code': 'C01'}, {'raw': 'Ngữ văn, Toán, Giáo dục công dân', 'code': 'C14'}, {'raw': 'Ngữ Văn, Toán, Tiếng Anh', 'code': 'D01'}]","","",
"Kỹ thuật phần mềm","7480103","16","[{'raw': 'Toán, Vật lí, Hóa Học', 'code': 'A00'}, {'raw': 'Ngữ văn, Toán, Vật lí', 'code': 'C01'}, {'raw': 'Ngữ văn, Toán, Giáo dục công dân', 'code': 'C14'}, {'raw': 'Ngữ Văn, Toán, Tiếng Anh', 'code': 'D01'}]","","",
"Kỹ thuật phần mềm (CT đào tạo liên kết quốc tế)","7480103_KNU","19.5","[{'raw': 'Toán, Vật lí, Hóa Học', 'code': 'A00'}, {'raw': 'Ngữ văn, Toán, Vật lí', 'code': 'C01'}, {'raw': 'Ngữ văn, Toán, Giáo dục công dân', 'code': 'C14'}, {'raw': 'Ngữ Văn, Toán, Tiếng Anh', 'code': 'D01'}]","","",
"Kỹ thuật y sinh","7520212","16.5","[{'raw': 'Toán, Vật lí, Hóa Học', 'code': 'A00'}, {'raw': 'Ngữ văn, Toán, Vật lí', 'code': 'C01'}, {'raw': 'Ngữ văn, Toán, Giáo dục công dân', 'code': 'C14'}, {'raw': 'Ngữ Văn, Toán, Tiếng Anh', 'code': 'D01'}]","","",
"Kỹ thuật cơ điện tử thông minh và robot","7520119","16","[{'raw': 'Toán, Vật lí, Hóa Học', 'code': 'A00'}, {'raw': 'Ngữ văn, Toán, Vật lí', 'code': 'C01'}, {'raw': 'Ngữ văn, Toán, Giáo dục công dân', 'code': 'C14'}, {'raw': 'Ngữ Văn, Toán, Tiếng Anh', 'code': 'D01'}]","","",
"Mạng máy tính và truyền thông dữ liệu","7480102","16.5","[{'raw': 'Toán, Vật lí, Hóa Học', 'code': 'A00'}, {'raw': 'Ngữ văn, Toán, Vật lí', 'code': 'C01'}, {'raw': 'Ngữ văn, Toán, Giáo dục công dân', 'code': 'C14'}, {'raw': 'Ngữ Văn, Toán, Tiếng Anh', 'code': 'D01'}]","","",
"Marketing số","7340122_TD","17","[{'raw': 'Toán, Vật lí, Hóa Học', 'code': 'A00'}, {'raw': 'Ngữ văn, Toán, Vật lí', 'code': 'C01'}, {'raw': 'Ngữ văn, Toán, Giáo dục công dân', 'code': 'C14'}, {'raw': 'Ngữ Văn, Toán, Tiếng Anh', 'code': 'D01'}]","","",
"Quản trị văn phòng","7340406","16","[{'raw': 'Toán, Vật lí, Hóa Học', 'code': 'A00'}, {'raw': 'Ngữ văn, Toán, Vật lí', 'code': 'C01'}, {'raw': 'Ngữ văn, Toán, Giáo dục công dân', 'code': 'C14'}, {'raw': 'Ngữ Văn, Toán, Tiếng Anh', 'code': 'D01'}]","","",
"Thiết kế đồ họa","7210403","16.5","[{'raw': 'Toán, Vật lí, Hóa Học', 'code': 'A00'}, {'raw': 'Ngữ văn, Toán, Vật lí', 'code': 'C01'}, {'raw': 'Ngữ văn, Toán, Giáo dục công dân', 'code': 'C14'}, {'raw': 'Ngữ Văn, Toán, Tiếng Anh', 'code': 'D01'}]","","",
"Thương mại điện tử","7340122","17","[{'raw': 'Toán, Vật lí, Hóa Học', 'code': 'A00'}, {'raw': 'Ngữ văn, Toán, Vật lí', 'code': 'C01'}, {'raw': 'Ngữ văn, Toán, Giáo dục công dân', 'code': 'C14'}, {'raw': 'Ngữ Văn, Toán, Tiếng Anh', 'code': 'D01'}]","","",
"Truyền thông đa phương tiện","7320104","16","[{'raw': 'Toán, Vật lí, Hóa Học', 'code': 'A00'}, {'raw': 'Ngữ văn, Toán, Vật lí', 'code': 'C01'}, {'raw': 'Ngữ văn, Toán, Giáo dục công dân', 'code': 'C14'}, {'raw': 'Ngữ Văn, Toán, Tiếng Anh', 'code': 'D01'}]","","",
