"Tên","Mã","Điểm đầu vào","Môn thi","Học phí","Ghi chú",
"Nhóm ngành Kỹ thuật CAND (Thí sinh Nữ - Phía Nam)","7480200|12A01","21.75","[{'raw': 'Toán, Vật lí, Tiếng Anh', 'code': 'A01'}]","","",
"Thí sinh nam (Phía Nam)","7480200|22A01","17.67","[{'raw': 'Toán, Vật lí, Tiếng Anh', 'code': 'A01'}]","","",
"Thí sinh nữ (Phía Nam)","7480200|12A00","21.75","[{'raw': 'Toán, Vật lí, Hóa Học', 'code': 'A00'}]","","",
"Thí sinh nam (Phía Nam)","7480200|22A00","17.67","[{'raw': 'Toán, Vật lí, Hóa Học', 'code': 'A00'}]","","",
