"Tên","Mã","Điểm đầu vào","Môn thi","Học phí","Ghi chú",
"Bảo vệ thực vật","7620112","15","[{'raw': 'Toán, Sinh học, Tiếng Anh', 'code': 'D08'}]","","",
"Chăn nuôi","7620105","15","[{'raw': 'Toán, Sinh học, Tiếng Anh', 'code': 'D08'}]","","",
"Công nghệ thông tin","7480201","15","[{'raw': 'Toán, Vật lí, Hóa Học', 'code': 'A00'}]","","",
"Giáo dục Thể chất","7140206","23.6","[{'raw': 'Toán, Sinh học, Năng khiếu TDTT', 'code': 'T00'}]","","điểm năng khiếu trên 6.5",
"Giáo dục Mầm non","7140201","22.1","[{'raw': 'Ngữ văn, Toán, Đọc diễn cảm, Hát', 'code': 'M00'}]","","điểm năng khiếu trên 6.5",
"Giáo dục Tiểu học","7140202","25.9","[{'raw': 'Toán, Vật lí, Hóa Học', 'code': 'A00'}]","","",
"Giáo dục Chính trị","7140205","26.6","[{'raw': 'Ngữ Văn, Lịch Sử, Địa lí', 'code': 'C00'}]","","",
"Kế toán","7340301","15","[{'raw': 'Toán, Vật lí, Hóa Học', 'code': 'A00'}]","","",
"Lâm sinh","7620205","15","[{'raw': 'Toán, Sinh học, Tiếng Anh', 'code': 'D08'}]","","",
"Nông học","7620109","15","[{'raw': 'Toán, Sinh học, Tiếng Anh', 'code': 'D08'}]","","",
"Quản lý tài nguyên và môi trường","7850101","15","[{'raw': 'Toán, Vật lí, Hóa Học', 'code': 'A00'}]","","",
"Quản trị doanh nghiệp","7340101","15","[{'raw': 'Toán, Vật lí, Hóa Học', 'code': 'A00'}]","","",
"Quản lý tài nguyên rừng","7620211","15","[{'raw': 'Toán, Sinh học, Tiếng Anh', 'code': 'D08'}]","","",
"Quản trị dịch vụ du lịch và lữ hành","7810103","15","[{'raw': 'Toán, Vật lí, Hóa Học', 'code': 'A00'}]","","",
"Sư phạm Hóa học","7140212","19","[{'raw': 'Toán, Vật lí, Hóa Học', 'code': 'A00'}]","","",
"Sư phạm Ngữ văn","7140217","27","[{'raw': 'Ngữ Văn, Lịch Sử, Địa lí', 'code': 'C00'}]","","",
"Sư phạm Địa lý","7140219","26.3","[{'raw': 'Toán, Địa lí, Tiếng Anh', 'code': 'D10'}]","","",
"Sư phạm Toán học","7140209","24.2","[{'raw': 'Toán, Vật lí, Hóa Học', 'code': 'A00'}]","","",
"Sư phạm Sinh học","7140213","19","[{'raw': 'Toán, Hóa Học, Sinh Học', 'code': 'B00'}]","","",
"Sư phạm Vật lý","7140211","19","[{'raw': 'Toán, Vật lí, Hóa Học', 'code': 'A00'}]","","",
"Sư phạm Lịch sử","7140218","27.4","[{'raw': 'Ngữ Văn, Lịch Sử, Địa lí', 'code': 'C00'}]","","",
"Sư phạm Tiếng Anh","7140231","23.9","[{'raw': 'Ngữ Văn, Toán, Tiếng Anh', 'code': 'D01'}]","","",
"Sư phạm Tin học (Chuyên ngành Tin học – Công nghệ Tiểu học)","7140210","19","[{'raw': 'Toán, Vật lí, Hóa Học', 'code': 'A00'}]","","",
"Tài chính – Ngân hàng","7340201","15","[{'raw': 'Toán, Vật lí, Hóa Học', 'code': 'A00'}]","","",
